"Date","Price","Open","High","Low","Vol.","Change %"
"Jun 25, 2026","7,350.51","7,404.91","7,418.15","7,323.97","-","-0.10%"
"Jun 24, 2026","7,358.22","7,370.88","7,428.06","7,336.82","-","-0.10%"
"Jun 23, 2026","7,365.46","7,366.51","7,424.17","7,347.60","-","-1.44%"
"Jun 22, 2026","7,472.79","7,500.44","7,530.01","7,460.01","-","-0.37%"
"Jun 18, 2026","7,500.58","7,487.36","7,511.07","7,468.32","-","1.08%"
"Jun 17, 2026","7,420.10","7,524.50","7,532.17","7,402.61","-","-1.21%"
"Jun 16, 2026","7,511.35","7,548.78","7,564.96","7,508.68","-","-0.57%"
"Jun 15, 2026","7,554.29","7,516.75","7,577.92","7,516.75","-","1.65%"
"Jun 12, 2026","7,431.46","7,410.85","7,456.40","7,363.01","-","0.50%"
"Jun 11, 2026","7,394.30","7,287.67","7,412.68","7,257.33","-","1.75%"
"Jun 10, 2026","7,266.99","7,350.54","7,396.56","7,265.93","-","-1.62%"
"Jun 09, 2026","7,386.65","7,438.66","7,483.15","7,237.85","-","-0.26%"
"Jun 08, 2026","7,405.73","7,440.57","7,466.81","7,395.13","-","0.30%"
"Jun 05, 2026","7,383.74","7,537.36","7,541.81","7,368.63","-","-2.64%"
"Jun 04, 2026","7,584.31","7,516.54","7,598.19","7,516.54","-","0.41%"
"Jun 03, 2026","7,553.68","7,605.31","7,605.35","7,551.22","-","-0.74%"
"Jun 02, 2026","7,609.78","7,595.40","7,620.90","7,582.99","-","0.13%"
"Jun 01, 2026","7,599.96","7,582.29","7,617.66","7,562.61","-","0.26%"
"May 29, 2026","7,580.06","7,579.33","7,599.38","7,563.55","-","0.22%"
"May 28, 2026","7,563.63","7,519.82","7,568.72","7,508.04","-","0.58%"
"May 27, 2026","7,520.36","7,526.01","7,530.72","7,499.72","-","0.02%"
"May 26, 2026","7,519.12","7,511.79","7,539.09","7,501.10","-","0.61%"
"May 22, 2026","7,473.47","7,468.82","7,506.32","7,463.29","-","0.37%"
"May 21, 2026","7,445.72","7,410.78","7,465.96","7,389.48","-","0.17%"
"May 20, 2026","7,432.97","7,369.19","7,435.69","7,357.46","-","1.08%"
"May 19, 2026","7,353.61","7,375.75","7,395.32","7,333.68","-","-0.67%"
"May 18, 2026","7,403.05","7,415.07","7,434.06","7,353.17","-","-0.07%"
"May 15, 2026","7,408.50","7,445.11","7,454.85","7,397.50","-","-1.24%"
"May 14, 2026","7,501.24","7,454.40","7,517.12","7,454.40","-","0.77%"
"May 13, 2026","7,444.25","7,409.12","7,460.04","7,375.13","-","0.58%"
"May 12, 2026","7,400.96","7,390.63","7,409.57","7,338.54","-","-0.16%"
"May 11, 2026","7,412.84","7,385.31","7,428.97","7,384.20","-","0.19%"
"May 08, 2026","7,398.93","7,362.97","7,401.50","7,362.97","-","0.84%"
"May 07, 2026","7,337.11","7,376.78","7,385.02","7,321.25","-","-0.38%"
"May 06, 2026","7,365.12","7,294.14","7,369.22","7,294.14","-","1.46%"
"May 05, 2026","7,259.22","7,233.62","7,273.26","7,233.62","-","0.81%"
"May 04, 2026","7,200.75","7,228.38","7,244.54","7,174.12","-","-0.41%"
"May 01, 2026","7,230.12","7,234.54","7,272.52","7,229.32","-","0.29%"
"Apr 30, 2026","7,209.01","7,161.75","7,219.83","7,126.15","-","1.02%"
"Apr 29, 2026","7,135.95","7,131.61","7,145.63","7,107.86","-","-0.04%"
"Apr 28, 2026","7,138.80","7,133.74","7,152.52","7,115.17","-","-0.49%"
"Apr 27, 2026","7,173.91","7,152.72","7,178.74","7,146.72","-","0.12%"
"Apr 24, 2026","7,165.08","7,136.48","7,168.59","7,112.82","-","0.80%"
"Apr 23, 2026","7,108.40","7,118.80","7,147.78","7,046.55","-","-0.41%"
"Apr 22, 2026","7,137.90","7,102.91","7,138.64","7,102.91","-","1.05%"
"Apr 21, 2026","7,064.01","7,122.64","7,137.27","7,050.20","-","-0.63%"
"Apr 20, 2026","7,109.14","7,117.05","7,122.65","7,084.41","-","-0.24%"
"Apr 17, 2026","7,126.06","7,074.55","7,147.52","7,074.55","-","1.20%"
"Apr 16, 2026","7,041.28","7,037.78","7,051.23","7,008.52","-","0.26%"
"Apr 15, 2026","7,022.95","6,978.17","7,026.24","6,967.13","-","0.80%"
"Apr 14, 2026","6,967.38","6,910.20","6,969.42","6,905.17","-","1.18%"
"Apr 13, 2026","6,886.24","6,806.47","6,887.00","6,790.02","-","1.02%"
"Apr 10, 2026","6,816.89","6,839.24","6,845.77","6,808.46","-","-0.11%"
"Apr 09, 2026","6,824.66","6,783.69","6,835.31","6,761.55","-","0.62%"
"Apr 08, 2026","6,782.81","6,754.36","6,793.50","6,740.28","-","2.51%"
"Apr 07, 2026","6,616.85","6,601.93","6,618.26","6,534.55","-","0.08%"
"Apr 06, 2026","6,611.83","6,587.66","6,618.13","6,579.72","-","0.44%"
"Apr 02, 2026","6,582.69","6,512.61","6,601.91","6,474.94","-","0.11%"
"Apr 01, 2026","6,575.32","6,556.56","6,609.67","6,554.29","-","0.72%"
"Mar 31, 2026","6,528.52","6,395.88","6,539.05","6,395.88","-","2.91%"
"Mar 30, 2026","6,343.72","6,403.37","6,427.31","6,316.91","-","-0.39%"
"Mar 27, 2026","6,368.85","6,453.89","6,453.89","6,356.08","-","-1.67%"
"Mar 26, 2026","6,477.16","6,555.86","6,573.22","6,473.79","-","-1.74%"
"Mar 25, 2026","6,591.90","6,598.35","6,633.94","6,568.41","-","0.54%"
"Mar 24, 2026","6,556.37","6,552.09","6,595.75","6,525.11","-","-0.37%"
"Mar 23, 2026","6,581.00","6,574.96","6,651.62","6,565.55","-","1.15%"
"Mar 20, 2026","6,506.48","6,594.66","6,594.66","6,473.52","-","-1.51%"
"Mar 19, 2026","6,606.49","6,583.12","6,636.74","6,557.82","-","-0.27%"
"Mar 18, 2026","6,624.70","6,697.16","6,705.18","6,621.66","-","-1.36%"
"Mar 17, 2026","6,716.09","6,722.35","6,754.30","6,710.80","-","0.25%"
"Mar 16, 2026","6,699.38","6,674.37","6,729.79","6,674.37","-","1.01%"
"Mar 13, 2026","6,632.19","6,673.49","6,733.30","6,623.92","-","-0.61%"
"Mar 12, 2026","6,672.62","6,740.88","6,740.88","6,670.40","-","-1.52%"
"Mar 11, 2026","6,775.80","6,790.09","6,811.15","6,745.59","-","-0.08%"
"Mar 10, 2026","6,781.48","6,796.56","6,845.08","6,759.74","-","-0.21%"
"Mar 09, 2026","6,795.99","6,699.80","6,810.44","6,636.04","-","0.83%"
"Mar 06, 2026","6,740.02","6,769.03","6,773.42","6,711.56","-","-1.33%"
"Mar 05, 2026","6,830.71","6,851.08","6,870.43","6,770.78","-","-0.56%"
"Mar 04, 2026","6,869.50","6,831.69","6,885.94","6,811.64","-","0.78%"
"Mar 03, 2026","6,816.63","6,800.26","6,840.05","6,710.42","-","-0.94%"
"Mar 02, 2026","6,881.62","6,824.36","6,901.01","6,796.85","-","0.04%"
"Feb 27, 2026","6,878.88","6,856.54","6,882.96","6,831.74","-","-0.43%"
"Feb 26, 2026","6,908.86","6,944.74","6,947.25","6,859.73","-","-0.54%"
"Feb 25, 2026","6,946.13","6,915.15","6,952.51","6,915.15","-","0.81%"
"Feb 24, 2026","6,890.07","6,837.37","6,899.17","6,815.43","-","0.77%"
"Feb 23, 2026","6,837.75","6,901.25","6,916.96","6,819.82","-","-1.04%"
"Feb 20, 2026","6,909.51","6,843.26","6,915.86","6,836.33","-","0.69%"
"Feb 19, 2026","6,861.89","6,861.34","6,879.12","6,833.06","-","-0.28%"
"Feb 18, 2026","6,881.31","6,855.48","6,909.12","6,849.66","-","0.56%"
"Feb 17, 2026","6,843.22","6,819.86","6,866.99","6,775.50","-","0.10%"
"Feb 13, 2026","6,836.17","6,834.27","6,881.96","6,794.55","-","0.05%"
"Feb 12, 2026","6,832.76","6,957.54","6,973.22","6,824.04","-","-1.57%"
"Feb 11, 2026","6,941.47","6,976.48","6,993.48","6,911.97","-","-0.00%"
"Feb 10, 2026","6,941.81","6,974.49","6,986.83","6,937.53","-","-0.33%"
"Feb 09, 2026","6,964.82","6,917.26","6,980.10","6,905.87","-","0.47%"
"Feb 06, 2026","6,932.30","6,816.74","6,944.89","6,816.74","-","1.97%"
"Feb 05, 2026","6,798.40","6,837.39","6,857.85","6,780.13","-","-1.23%"
"Feb 04, 2026","6,882.72","6,924.50","6,936.09","6,838.80","-","-0.51%"
"Feb 03, 2026","6,917.81","6,985.45","6,993.08","6,862.05","-","-0.84%"
"Feb 02, 2026","6,976.44","6,916.64","6,991.92","6,914.34","-","0.54%"
"Jan 30, 2026","6,939.03","6,947.27","6,964.09","6,893.48","-","-0.43%"
"Jan 29, 2026","6,969.01","6,977.74","6,992.84","6,870.80","-","-0.13%"
"Jan 28, 2026","6,978.03","7,002.00","7,002.28","6,963.46","-","-0.01%"
"Jan 27, 2026","6,978.60","6,965.96","6,988.82","6,958.83","-","0.41%"
"Jan 26, 2026","6,950.23","6,923.23","6,964.66","6,921.60","-","0.50%"
"Jan 23, 2026","6,915.61","6,907.85","6,932.96","6,895.50","-","0.03%"
"Jan 22, 2026","6,913.35","6,914.44","6,934.75","6,893.62","-","0.55%"
"Jan 21, 2026","6,875.62","6,810.71","6,910.39","6,804.96","-","1.16%"
"Jan 20, 2026","6,796.86","6,865.24","6,871.17","6,789.05","-","-2.06%"
"Jan 16, 2026","6,940.01","6,960.54","6,967.30","6,925.09","-","-0.06%"
"Jan 15, 2026","6,944.47","6,969.46","6,979.34","6,937.93","-","0.26%"
"Jan 14, 2026","6,926.60","6,937.41","6,941.30","6,885.74","-","-0.53%"
"Jan 13, 2026","6,963.74","6,977.41","6,985.83","6,938.77","-","-0.19%"
"Jan 12, 2026","6,977.27","6,944.12","6,986.33","6,934.07","-","0.16%"
"Jan 09, 2026","6,966.28","6,927.83","6,978.36","6,917.64","-","0.65%"
"Jan 08, 2026","6,921.46","6,914.11","6,931.28","6,899.33","-","0.01%"
"Jan 07, 2026","6,920.93","6,945.07","6,965.69","6,919.19","-","-0.34%"
"Jan 06, 2026","6,944.82","6,908.03","6,948.69","6,904.02","-","0.62%"
"Jan 05, 2026","6,902.05","6,892.19","6,920.38","6,891.56","-","0.64%"
"Jan 02, 2026","6,858.47","6,878.11","6,894.87","6,824.31","-","0.19%"
"Dec 31, 2025","6,845.50","6,898.82","6,901.42","6,844.55","-","-0.74%"
"Dec 30, 2025","6,896.24","6,900.44","6,913.25","6,893.47","-","-0.14%"
"Dec 29, 2025","6,905.74","6,903.60","6,920.21","6,888.76","-","-0.35%"
"Dec 26, 2025","6,929.94","6,936.02","6,945.77","6,921.60","-","-0.03%"
"Dec 24, 2025","6,932.05","6,904.91","6,937.32","6,904.91","-","0.32%"
"Dec 23, 2025","6,909.79","6,872.41","6,910.88","6,868.81","-","0.46%"
"Dec 22, 2025","6,878.49","6,865.21","6,882.03","6,855.74","-","0.64%"
"Dec 19, 2025","6,834.50","6,792.62","6,840.02","6,792.62","-","0.88%"
"Dec 18, 2025","6,774.76","6,778.06","6,816.13","6,758.50","-","0.79%"
"Dec 17, 2025","6,721.43","6,802.88","6,812.26","6,720.43","-","-1.16%"
"Dec 16, 2025","6,800.26","6,800.12","6,819.27","6,759.74","-","-0.24%"
"Dec 15, 2025","6,816.51","6,860.19","6,861.59","6,801.49","-","-0.16%"
"Dec 12, 2025","6,827.41","6,886.85","6,899.85","6,801.79","-","-1.07%"
"Dec 11, 2025","6,901.00","6,861.30","6,903.46","6,833.45","-","0.21%"
"Dec 10, 2025","6,886.68","6,833.49","6,900.67","6,824.69","-","0.67%"
"Dec 09, 2025","6,840.51","6,840.61","6,864.92","6,837.43","-","-0.09%"
"Dec 08, 2025","6,846.51","6,875.20","6,878.27","6,827.19","-","-0.35%"
"Dec 05, 2025","6,870.40","6,866.32","6,895.78","6,858.29","-","0.19%"
"Dec 04, 2025","6,857.12","6,866.47","6,866.47","6,827.12","-","0.11%"
"Dec 03, 2025","6,849.72","6,815.29","6,862.42","6,810.43","-","0.30%"
"Dec 02, 2025","6,829.37","6,830.96","6,851.55","6,806.71","-","0.25%"
"Dec 01, 2025","6,812.63","6,812.30","6,843.65","6,799.94","-","-0.53%"
"Nov 28, 2025","6,849.09","6,822.52","6,850.86","6,819.75","-","0.54%"
"Nov 26, 2025","6,812.61","6,793.55","6,831.44","6,783.87","-","0.69%"
"Nov 25, 2025","6,765.88","6,697.03","6,776.40","6,659.98","-","0.91%"
"Nov 24, 2025","6,705.12","6,636.54","6,715.75","6,630.70","-","1.55%"
"Nov 21, 2025","6,602.99","6,555.77","6,660.05","6,521.92","-","0.98%"
"Nov 20, 2025","6,538.76","6,737.93","6,770.35","6,534.05","-","-1.56%"
"Nov 19, 2025","6,642.16","6,625.84","6,689.75","6,603.50","-","0.38%"
"Nov 18, 2025","6,617.32","6,641.19","6,666.63","6,574.32","-","-0.83%"
"Nov 17, 2025","6,672.41","6,713.61","6,754.50","6,638.90","-","-0.92%"
"Nov 14, 2025","6,734.11","6,672.14","6,774.31","6,646.87","-","-0.05%"
"Nov 13, 2025","6,737.49","6,826.47","6,828.05","6,724.72","-","-1.66%"
"Nov 12, 2025","6,850.92","6,867.77","6,869.91","6,829.62","-","0.06%"
"Nov 11, 2025","6,846.61","6,815.64","6,855.13","6,806.87","-","0.21%"
"Nov 10, 2025","6,832.43","6,785.36","6,841.32","6,770.56","-","1.54%"
"Nov 07, 2025","6,728.80","6,696.18","6,730.11","6,631.44","-","0.13%"
"Nov 06, 2025","6,720.32","6,787.59","6,796.68","6,707.51","-","-1.12%"
"Nov 05, 2025","6,796.29","6,769.77","6,829.78","6,763.11","-","0.37%"
"Nov 04, 2025","6,771.55","6,788.52","6,820.21","6,766.71","-","-1.17%"
"Nov 03, 2025","6,851.97","6,882.32","6,882.32","6,820.62","-","0.17%"
"Oct 31, 2025","6,840.20","6,879.17","6,879.17","6,814.26","-","0.26%"
"Oct 30, 2025","6,822.34","6,860.50","6,880.75","6,820.69","-","-0.99%"
"Oct 29, 2025","6,890.59","6,910.95","6,920.34","6,851.91","-","-0.00%"
"Oct 28, 2025","6,890.89","6,897.74","6,911.30","6,870.73","-","0.23%"
"Oct 27, 2025","6,875.16","6,845.46","6,877.28","6,843.94","-","1.23%"
"Oct 24, 2025","6,791.69","6,772.07","6,807.11","6,772.07","-","0.79%"
"Oct 23, 2025","6,738.44","6,703.65","6,749.53","6,700.14","-","0.58%"
"Oct 22, 2025","6,699.40","6,741.34","6,741.75","6,655.69","-","-0.53%"
"Oct 21, 2025","6,735.35","6,736.75","6,752.16","6,722.03","-","0.00%"
"Oct 20, 2025","6,735.13","6,690.05","6,744.35","6,690.05","-","1.07%"
"Oct 17, 2025","6,664.01","6,613.27","6,678.88","6,603.76","-","0.53%"
"Oct 16, 2025","6,629.07","6,689.02","6,709.34","6,593.99","-","-0.63%"
"Oct 15, 2025","6,671.06","6,688.27","6,724.12","6,612.11","-","0.40%"
"Oct 14, 2025","6,644.31","6,602.49","6,680.70","6,555.07","-","-0.16%"
"Oct 13, 2025","6,654.72","6,622.53","6,668.68","6,620.71","-","1.56%"
"Oct 10, 2025","6,552.51","6,740.49","6,762.40","6,550.78","-","-2.71%"
"Oct 09, 2025","6,735.11","6,760.50","6,764.58","6,716.17","-","-0.28%"
"Oct 08, 2025","6,753.72","6,723.87","6,755.64","6,718.09","-","0.58%"
"Oct 07, 2025","6,714.59","6,746.14","6,754.49","6,699.96","-","-0.38%"
"Oct 06, 2025","6,740.28","6,733.86","6,749.52","6,717.78","-","0.36%"
"Oct 03, 2025","6,715.79","6,722.14","6,750.87","6,705.67","-","0.01%"
"Oct 02, 2025","6,715.35","6,731.31","6,731.94","6,693.23","-","0.06%"
"Oct 01, 2025","6,711.20","6,664.92","6,718.48","6,656.20","-","0.34%"
"Sep 30, 2025","6,688.46","6,656.19","6,691.25","6,641.00","-","0.41%"
"Sep 29, 2025","6,661.21","6,661.58","6,677.31","6,644.49","-","0.26%"
"Sep 26, 2025","6,643.70","6,615.38","6,648.97","6,604.43","-","0.59%"
"Sep 25, 2025","6,604.72","6,608.19","6,619.00","6,569.22","-","-0.50%"
"Sep 24, 2025","6,637.97","6,669.79","6,672.66","6,621.76","-","-0.28%"
"Sep 23, 2025","6,656.92","6,692.44","6,699.52","6,645.58","-","-0.55%"
"Sep 22, 2025","6,693.75","6,654.28","6,698.88","6,648.07","-","0.44%"
"Sep 19, 2025","6,664.36","6,647.11","6,671.82","6,630.31","-","0.49%"
"Sep 18, 2025","6,631.96","6,626.85","6,656.80","6,611.89","-","0.48%"
"Sep 17, 2025","6,600.35","6,604.87","6,624.39","6,551.15","-","-0.10%"
"Sep 16, 2025","6,606.76","6,624.13","6,626.99","6,600.11","-","-0.13%"
"Sep 15, 2025","6,615.28","6,603.49","6,619.62","6,602.07","-","0.47%"
"Sep 12, 2025","6,584.29","6,590.66","6,600.21","6,579.49","-","-0.05%"
"Sep 11, 2025","6,587.47","6,554.41","6,592.89","6,545.80","-","0.85%"
"Sep 10, 2025","6,532.04","6,550.29","6,555.97","6,516.34","-","0.30%"
"Sep 09, 2025","6,512.61","6,503.33","6,518.23","6,483.08","-","0.27%"
"Sep 08, 2025","6,495.15","6,498.09","6,508.67","6,483.29","-","0.21%"
"Sep 05, 2025","6,481.50","6,529.08","6,532.65","6,443.98","-","-0.32%"
"Sep 04, 2025","6,502.08","6,456.60","6,502.54","6,445.98","-","0.83%"
"Sep 03, 2025","6,448.26","6,445.82","6,453.67","6,416.17","-","0.51%"
"Sep 02, 2025","6,415.54","6,401.51","6,416.54","6,360.58","-","-0.69%"
"Aug 29, 2025","6,460.26","6,489.28","6,491.76","6,444.57","-","-0.64%"
"Aug 28, 2025","6,501.86","6,483.84","6,508.23","6,466.96","-","0.32%"
"Aug 27, 2025","6,481.40","6,462.26","6,487.06","6,457.84","-","0.24%"
"Aug 26, 2025","6,465.94","6,435.49","6,468.37","6,429.21","-","0.41%"
"Aug 25, 2025","6,439.32","6,457.67","6,466.89","6,438.06","-","-0.43%"
"Aug 22, 2025","6,466.91","6,384.59","6,478.89","6,384.59","-","1.52%"
"Aug 21, 2025","6,370.17","6,380.83","6,393.65","6,352.71","-","-0.40%"
"Aug 20, 2025","6,395.78","6,406.62","6,408.40","6,343.86","-","-0.24%"
"Aug 19, 2025","6,411.37","6,446.24","6,456.48","6,400.22","-","-0.59%"
"Aug 18, 2025","6,449.15","6,445.02","6,455.35","6,437.70","-","-0.01%"
"Aug 15, 2025","6,449.80","6,477.38","6,481.34","6,441.85","-","-0.29%"
"Aug 14, 2025","6,468.54","6,453.46","6,473.92","6,441.07","-","0.03%"
"Aug 13, 2025","6,466.58","6,462.67","6,480.28","6,445.02","-","0.32%"
"Aug 12, 2025","6,445.76","6,395.17","6,446.55","6,385.76","-","1.13%"
"Aug 11, 2025","6,373.45","6,389.67","6,407.25","6,364.06","-","-0.25%"
"Aug 08, 2025","6,389.45","6,355.22","6,395.16","6,355.22","-","0.78%"
"Aug 07, 2025","6,340.00","6,374.32","6,389.71","6,310.32","-","-0.08%"
"Aug 06, 2025","6,345.06","6,309.30","6,352.83","6,301.11","-","0.73%"
"Aug 05, 2025","6,299.19","6,336.63","6,346.00","6,289.37","-","-0.49%"
"Aug 04, 2025","6,329.94","6,271.71","6,330.69","6,271.71","-","1.47%"
"Aug 01, 2025","6,238.01","6,287.28","6,287.28","6,212.69","-","-1.60%"
"Jul 31, 2025","6,339.39","6,427.02","6,427.02","6,327.64","-","-0.37%"
"Jul 30, 2025","6,362.90","6,381.23","6,396.54","6,336.38","-","-0.12%"
"Jul 29, 2025","6,370.86","6,405.62","6,409.26","6,363.92","-","-0.30%"
"Jul 28, 2025","6,389.77","6,397.69","6,401.07","6,375.79","-","0.02%"
"Jul 25, 2025","6,388.64","6,370.01","6,395.82","6,368.53","-","0.40%"
"Jul 24, 2025","6,363.35","6,368.60","6,381.31","6,360.57","-","0.07%"
"Jul 23, 2025","6,358.91","6,326.90","6,360.64","6,317.49","-","0.78%"
"Jul 22, 2025","6,309.62","6,306.60","6,316.12","6,281.71","-","0.06%"
"Jul 21, 2025","6,305.60","6,304.74","6,336.08","6,303.79","-","0.14%"
"Jul 18, 2025","6,296.79","6,312.95","6,315.61","6,285.27","-","-0.01%"
"Jul 17, 2025","6,297.36","6,263.40","6,304.69","6,262.27","-","0.54%"
"Jul 16, 2025","6,263.70","6,254.50","6,268.12","6,201.59","-","0.32%"
"Jul 15, 2025","6,243.76","6,295.29","6,302.04","6,241.68","-","-0.40%"
"Jul 14, 2025","6,268.56","6,255.15","6,273.31","6,239.22","-","0.14%"
"Jul 11, 2025","6,259.75","6,255.68","6,269.44","6,237.60","-","-0.33%"
"Jul 10, 2025","6,280.46","6,266.80","6,290.22","6,251.44","-","0.27%"
"Jul 09, 2025","6,263.26","6,243.33","6,269.16","6,231.43","-","0.61%"
"Jul 08, 2025","6,225.52","6,234.03","6,242.70","6,217.75","-","-0.07%"
"Jul 07, 2025","6,229.98","6,259.04","6,262.07","6,201.00","-","-0.79%"
"Jul 03, 2025","6,279.35","6,246.46","6,284.65","6,246.46","-","0.83%"
"Jul 02, 2025","6,227.42","6,193.88","6,227.60","6,188.29","-","0.47%"
"Jul 01, 2025","6,198.01","6,187.25","6,210.78","6,177.97","-","-0.11%"
"Jun 30, 2025","6,204.95","6,193.36","6,215.08","6,174.97","-","0.52%"
"Jun 27, 2025","6,173.07","6,150.70","6,187.68","6,132.35","-","0.52%"
"Jun 26, 2025","6,141.02","6,112.09","6,146.52","6,107.27","-","0.80%"
"Jun 25, 2025","6,092.16","6,104.23","6,108.51","6,080.09","-","-0.00%"
"Jun 24, 2025","6,092.18","6,061.21","6,101.76","6,059.25","-","1.11%"
"Jun 23, 2025","6,025.17","5,969.67","6,028.77","5,943.23","-","0.96%"
"Jun 20, 2025","5,967.84","5,999.67","6,018.20","5,952.56","-","-0.22%"
"Jun 18, 2025","5,980.87","5,987.93","6,018.25","5,971.89","-","-0.03%"
"Jun 17, 2025","5,982.72","6,012.15","6,023.25","5,974.80","-","-0.84%"
"Jun 16, 2025","6,033.11","6,004.00","6,050.83","6,004.00","-","0.94%"
"Jun 13, 2025","5,976.97","6,000.56","6,026.16","5,963.21","-","-1.13%"
"Jun 12, 2025","6,045.26","6,009.90","6,045.43","6,003.88","-","0.38%"
"Jun 11, 2025","6,022.24","6,049.38","6,059.40","6,002.32","-","-0.27%"
"Jun 10, 2025","6,038.81","6,009.91","6,043.01","6,000.28","-","0.55%"
"Jun 09, 2025","6,005.88","6,004.63","6,021.31","5,994.18","-","0.09%"
"Jun 06, 2025","6,000.36","5,987.06","6,016.87","5,978.63","-","1.03%"
"Jun 05, 2025","5,939.30","5,985.67","5,999.70","5,921.20","-","-0.53%"
"Jun 04, 2025","5,970.81","5,978.94","5,990.48","5,966.11","-","0.01%"
"Jun 03, 2025","5,970.37","5,938.56","5,981.35","5,929.00","-","0.58%"
"Jun 02, 2025","5,935.94","5,896.68","5,937.40","5,861.43","-","0.41%"
"May 30, 2025","5,911.69","5,903.67","5,922.14","5,843.66","-","-0.01%"
"May 29, 2025","5,912.17","5,939.96","5,943.13","5,873.80","-","0.40%"
"May 28, 2025","5,888.55","5,925.54","5,939.92","5,881.88","-","-0.56%"
"May 27, 2025","5,921.54","5,854.07","5,924.33","5,854.07","-","2.05%"
"May 23, 2025","5,802.82","5,781.89","5,829.51","5,767.41","-","-0.67%"
"May 22, 2025","5,842.01","5,841.26","5,878.08","5,825.82","-","-0.04%"
"May 21, 2025","5,844.61","5,910.18","5,938.37","5,830.91","-","-1.61%"
"May 20, 2025","5,940.46","5,944.66","5,953.06","5,909.26","-","-0.39%"
"May 19, 2025","5,963.60","5,902.88","5,968.61","5,895.69","-","0.09%"
"May 16, 2025","5,958.38","5,929.09","5,958.62","5,907.36","-","0.70%"
"May 15, 2025","5,916.93","5,869.82","5,924.21","5,865.16","-","0.41%"
"May 14, 2025","5,892.58","5,896.74","5,906.55","5,872.11","-","0.10%"
"May 13, 2025","5,886.55","5,854.15","5,906.64","5,845.02","-","0.72%"
"May 12, 2025","5,844.19","5,807.20","5,845.37","5,786.08","-","3.26%"
"May 09, 2025","5,659.91","5,679.65","5,691.69","5,644.15","-","-0.07%"
"May 08, 2025","5,663.94","5,663.60","5,720.10","5,635.38","-","0.58%"
"May 07, 2025","5,631.28","5,614.18","5,654.73","5,578.64","-","0.43%"
"May 06, 2025","5,606.91","5,605.87","5,649.58","5,586.04","-","-0.77%"
"May 05, 2025","5,650.38","5,655.32","5,683.38","5,634.48","-","-0.64%"
"May 02, 2025","5,686.67","5,645.88","5,700.70","5,642.28","-","1.47%"
"May 01, 2025","5,604.14","5,625.14","5,658.91","5,597.35","-","0.63%"
"Apr 30, 2025","5,569.06","5,499.44","5,581.84","5,433.24","-","0.15%"
"Apr 29, 2025","5,560.83","5,508.87","5,571.95","5,505.70","-","0.58%"
"Apr 28, 2025","5,528.75","5,529.22","5,553.66","5,468.64","-","0.06%"
"Apr 25, 2025","5,525.21","5,489.73","5,528.11","5,455.86","-","0.74%"
"Apr 24, 2025","5,484.77","5,381.38","5,489.40","5,371.96","-","2.03%"
"Apr 23, 2025","5,375.86","5,395.92","5,469.69","5,356.17","-","1.67%"
"Apr 22, 2025","5,287.76","5,207.67","5,309.61","5,207.67","-","2.51%"
"Apr 21, 2025","5,158.20","5,232.94","5,232.94","5,101.63","-","-2.36%"
"Apr 17, 2025","5,282.70","5,305.45","5,328.31","5,255.58","-","0.13%"
"Apr 16, 2025","5,275.70","5,335.75","5,367.24","5,220.79","-","-2.24%"
"Apr 15, 2025","5,396.63","5,411.99","5,450.41","5,386.44","-","-0.17%"
"Apr 14, 2025","5,405.97","5,441.96","5,459.46","5,358.02","-","0.79%"
"Apr 11, 2025","5,363.36","5,255.56","5,381.46","5,220.77","-","1.81%"
"Apr 10, 2025","5,268.05","5,353.15","5,353.15","5,115.27","-","-3.46%"
"Apr 09, 2025","5,456.90","4,965.28","5,481.34","4,948.43","-","9.52%"
"Apr 08, 2025","4,982.77","5,193.57","5,267.47","4,910.42","-","-1.57%"
"Apr 07, 2025","5,062.25","4,953.79","5,246.57","4,835.04","-","-0.23%"
"Apr 04, 2025","5,074.08","5,292.14","5,292.14","5,069.90","-","-5.97%"
"Apr 03, 2025","5,396.52","5,492.74","5,499.53","5,390.83","-","-4.84%"
"Apr 02, 2025","5,670.97","5,580.76","5,695.31","5,571.48","-","0.67%"
"Apr 01, 2025","5,633.07","5,597.53","5,650.57","5,558.52","-","0.38%"
"Mar 31, 2025","5,611.85","5,527.91","5,627.56","5,488.73","-","0.55%"
"Mar 28, 2025","5,580.94","5,679.20","5,685.89","5,572.42","-","-1.97%"
"Mar 27, 2025","5,693.31","5,695.64","5,732.28","5,670.94","-","-0.33%"
"Mar 26, 2025","5,712.20","5,771.66","5,783.62","5,694.41","-","-1.12%"
"Mar 25, 2025","5,776.65","5,775.96","5,786.95","5,760.42","-","0.16%"
"Mar 24, 2025","5,767.57","5,718.08","5,775.14","5,718.08","-","1.76%"
"Mar 21, 2025","5,667.56","5,630.73","5,670.84","5,603.10","-","0.08%"
"Mar 20, 2025","5,662.89","5,646.92","5,711.15","5,632.33","-","-0.22%"
"Mar 19, 2025","5,675.29","5,632.37","5,715.33","5,622.20","-","1.08%"
"Mar 18, 2025","5,614.66","5,654.53","5,654.53","5,597.76","-","-1.07%"
"Mar 17, 2025","5,675.12","5,635.60","5,703.52","5,631.12","-","0.64%"
"Mar 14, 2025","5,638.94","5,563.85","5,645.27","5,563.85","-","2.13%"
"Mar 13, 2025","5,521.52","5,594.45","5,597.78","5,504.65","-","-1.39%"
"Mar 12, 2025","5,599.30","5,624.84","5,642.19","5,546.09","-","0.49%"
"Mar 11, 2025","5,572.07","5,603.65","5,636.30","5,528.41","-","-0.76%"
"Mar 10, 2025","5,614.56","5,705.37","5,705.37","5,564.02","-","-2.70%"
"Mar 07, 2025","5,770.20","5,726.01","5,783.01","5,666.29","-","0.55%"
"Mar 06, 2025","5,738.52","5,785.87","5,812.08","5,711.64","-","-1.78%"
"Mar 05, 2025","5,842.63","5,781.36","5,860.59","5,742.35","-","1.12%"
"Mar 04, 2025","5,778.15","5,811.98","5,865.08","5,732.59","-","-1.22%"
"Mar 03, 2025","5,849.72","5,968.33","5,986.09","5,810.91","-","-1.76%"
"Feb 28, 2025","5,954.50","5,856.74","5,959.40","5,837.66","-","1.59%"
"Feb 27, 2025","5,861.57","5,981.88","5,993.69","5,858.78","-","-1.59%"
"Feb 26, 2025","5,956.06","5,970.87","6,009.82","5,932.69","-","0.01%"
"Feb 25, 2025","5,955.25","5,982.73","5,992.65","5,908.49","-","-0.47%"
"Feb 24, 2025","5,983.25","6,026.69","6,043.65","5,977.83","-","-0.50%"
"Feb 21, 2025","6,013.13","6,114.10","6,114.82","6,008.56","-","-1.71%"
"Feb 20, 2025","6,117.52","6,134.50","6,134.50","6,084.59","-","-0.43%"
"Feb 19, 2025","6,144.15","6,117.76","6,147.43","6,111.15","-","0.24%"
"Feb 18, 2025","6,129.58","6,121.60","6,129.63","6,099.51","-","0.24%"
"Feb 14, 2025","6,114.63","6,115.52","6,127.47","6,107.62","-","-0.01%"
"Feb 13, 2025","6,115.07","6,060.59","6,116.91","6,050.95","-","1.04%"
"Feb 12, 2025","6,051.97","6,025.08","6,063.00","6,003.00","-","-0.27%"
"Feb 11, 2025","6,068.50","6,049.32","6,076.28","6,042.34","-","0.03%"
"Feb 10, 2025","6,066.44","6,046.40","6,073.38","6,044.84","-","0.67%"
"Feb 07, 2025","6,025.99","6,083.13","6,101.28","6,019.96","-","-0.95%"
"Feb 06, 2025","6,083.57","6,072.22","6,084.03","6,046.83","-","0.36%"
"Feb 05, 2025","6,061.48","6,020.45","6,062.86","6,007.06","-","0.39%"
"Feb 04, 2025","6,037.88","5,998.14","6,042.48","5,990.87","-","0.72%"
"Feb 03, 2025","5,994.57","5,969.65","6,022.13","5,923.93","-","-0.76%"
"Jan 31, 2025","6,040.53","6,096.79","6,120.91","6,030.93","-","-0.50%"
"Jan 30, 2025","6,071.17","6,050.75","6,086.64","6,027.46","-","0.53%"
"Jan 29, 2025","6,039.31","6,057.70","6,062.83","6,012.96","-","-0.47%"
"Jan 28, 2025","6,067.70","6,026.97","6,074.54","5,994.63","-","0.92%"
"Jan 27, 2025","6,012.28","5,969.04","6,017.17","5,962.92","-","-1.46%"
"Jan 24, 2025","6,101.24","6,121.43","6,128.18","6,088.74","-","-0.29%"
"Jan 23, 2025","6,118.71","6,076.32","6,118.73","6,074.67","-","0.53%"
"Jan 22, 2025","6,086.37","6,081.39","6,100.81","6,076.13","-","0.61%"
"Jan 21, 2025","6,049.24","6,014.12","6,051.51","6,006.88","-","0.88%"
"Jan 17, 2025","5,996.66","5,995.40","6,014.96","5,978.44","-","1.00%"
"Jan 16, 2025","5,937.34","5,963.61","5,964.69","5,930.72","-","-0.21%"
"Jan 15, 2025","5,949.91","5,905.21","5,960.61","5,905.21","-","1.83%"
"Jan 14, 2025","5,842.91","5,859.27","5,871.92","5,805.42","-","0.11%"
"Jan 13, 2025","5,836.22","5,782.02","5,838.61","5,773.31","-","0.16%"
"Jan 10, 2025","5,827.04","5,890.35","5,890.35","5,807.78","-","-1.54%"
"Jan 08, 2025","5,918.25","5,910.66","5,927.89","5,874.78","-","0.16%"
"Jan 07, 2025","5,909.03","5,993.26","6,000.68","5,890.68","-","-1.11%"
"Jan 06, 2025","5,975.38","5,982.81","6,021.04","5,960.01","-","0.55%"
"Jan 03, 2025","5,942.47","5,891.07","5,949.34","5,888.66","-","1.26%"
"Jan 02, 2025","5,868.55","5,903.26","5,935.09","5,829.53","-","-0.22%"
"Dec 31, 2024","5,881.63","5,919.74","5,929.74","5,868.86","-","-0.43%"
"Dec 30, 2024","5,906.94","5,920.67","5,940.79","5,869.16","-","-1.07%"
"Dec 27, 2024","5,970.84","6,006.17","6,006.17","5,932.95","-","-1.11%"
"Dec 26, 2024","6,037.59","6,024.97","6,049.75","6,007.37","-","-0.04%"
"Dec 24, 2024","6,040.04","5,984.63","6,040.10","5,981.44","-","1.10%"
"Dec 23, 2024","5,974.07","5,940.25","5,978.25","5,902.57","-","0.73%"
"Dec 20, 2024","5,930.85","5,842.00","5,982.06","5,832.30","-","1.09%"
"Dec 19, 2024","5,867.08","5,912.71","5,935.52","5,866.07","-","-0.09%"
"Dec 18, 2024","5,872.16","6,047.65","6,070.67","5,867.79","-","-2.95%"
"Dec 17, 2024","6,050.61","6,052.55","6,057.68","6,035.19","-","-0.39%"
"Dec 16, 2024","6,074.08","6,063.79","6,085.19","6,059.14","-","0.38%"
"Dec 13, 2024","6,051.09","6,068.17","6,078.58","6,035.77","-","-0.00%"
"Dec 12, 2024","6,051.25","6,074.29","6,079.68","6,051.25","-","-0.54%"
"Dec 11, 2024","6,084.19","6,060.15","6,092.59","6,060.15","-","0.82%"
"Dec 10, 2024","6,034.91","6,057.59","6,065.40","6,029.89","-","-0.30%"
"Dec 09, 2024","6,052.85","6,083.01","6,088.51","6,048.63","-","-0.61%"
"Dec 06, 2024","6,090.27","6,081.38","6,099.97","6,079.98","-","0.25%"
"Dec 05, 2024","6,075.11","6,089.03","6,094.55","6,072.90","-","-0.19%"
"Dec 04, 2024","6,086.49","6,069.39","6,089.84","6,061.06","-","0.61%"
"Dec 03, 2024","6,049.88","6,042.97","6,052.07","6,033.39","-","0.05%"
"Dec 02, 2024","6,047.15","6,040.11","6,053.58","6,035.33","-","0.24%"
"Nov 29, 2024","6,032.38","6,003.98","6,044.17","6,003.98","-","0.56%"
"Nov 27, 2024","5,998.74","6,014.11","6,020.16","5,984.87","-","-0.38%"
"Nov 26, 2024","6,021.63","6,000.03","6,025.42","5,992.27","-","0.57%"
"Nov 25, 2024","5,987.37","5,992.28","6,020.75","5,963.91","-","0.30%"
"Nov 22, 2024","5,969.34","5,944.36","5,972.90","5,944.36","-","0.35%"
"Nov 21, 2024","5,948.71","5,940.58","5,963.32","5,887.26","-","0.53%"
"Nov 20, 2024","5,917.11","5,914.34","5,920.67","5,860.56","-","0.00%"
"Nov 19, 2024","5,916.98","5,870.05","5,923.51","5,855.29","-","0.40%"
"Nov 18, 2024","5,893.62","5,874.17","5,908.12","5,865.95","-","0.39%"
"Nov 15, 2024","5,870.62","5,912.79","5,915.32","5,853.01","-","-1.32%"
"Nov 14, 2024","5,949.17","5,989.68","5,993.88","5,942.28","-","-0.60%"
"Nov 13, 2024","5,985.38","5,985.75","6,008.19","5,965.91","-","0.02%"
"Nov 12, 2024","5,983.99","6,003.60","6,009.92","5,960.08","-","-0.29%"
"Nov 11, 2024","6,001.35","6,008.86","6,017.31","5,986.69","-","0.10%"
"Nov 08, 2024","5,995.54","5,976.76","6,012.45","5,976.76","-","0.38%"
"Nov 07, 2024","5,973.10","5,947.21","5,983.84","5,947.21","-","0.74%"
"Nov 06, 2024","5,929.04","5,864.89","5,936.14","5,864.89","-","2.53%"
"Nov 05, 2024","5,782.76","5,722.43","5,783.44","5,722.10","-","1.23%"
"Nov 04, 2024","5,712.69","5,725.15","5,741.43","5,696.51","-","-0.28%"
"Nov 01, 2024","5,728.80","5,723.22","5,772.52","5,723.22","-","0.41%"
"Oct 31, 2024","5,705.45","5,775.34","5,775.34","5,702.86","-","-1.86%"
"Oct 30, 2024","5,813.67","5,832.65","5,850.94","5,811.28","-","-0.33%"
"Oct 29, 2024","5,832.92","5,819.68","5,847.19","5,802.17","-","0.16%"
"Oct 28, 2024","5,823.52","5,833.93","5,842.92","5,823.08","-","0.27%"
"Oct 25, 2024","5,808.12","5,826.75","5,862.82","5,799.98","-","-0.03%"
"Oct 24, 2024","5,809.86","5,817.80","5,817.80","5,784.92","-","0.21%"
"Oct 23, 2024","5,797.42","5,834.50","5,834.85","5,762.41","-","-0.92%"
"Oct 22, 2024","5,851.20","5,832.70","5,863.04","5,821.17","-","-0.05%"
"Oct 21, 2024","5,853.98","5,857.82","5,866.92","5,824.79","-","-0.18%"
"Oct 18, 2024","5,864.67","5,859.43","5,872.17","5,846.11","-","0.40%"
"Oct 17, 2024","5,841.47","5,875.62","5,878.46","5,840.25","-","-0.02%"
"Oct 16, 2024","5,842.47","5,816.58","5,846.52","5,808.34","-","0.47%"
"Oct 15, 2024","5,815.26","5,866.74","5,870.36","5,804.48","-","-0.76%"
"Oct 14, 2024","5,859.85","5,829.81","5,871.41","5,829.57","-","0.77%"
"Oct 11, 2024","5,815.03","5,775.09","5,822.13","5,775.09","-","0.61%"
"Oct 10, 2024","5,780.05","5,778.36","5,795.03","5,764.76","-","-0.21%"
"Oct 09, 2024","5,792.04","5,751.80","5,796.80","5,745.02","-","0.71%"
"Oct 08, 2024","5,751.13","5,719.14","5,757.60","5,714.56","-","0.97%"
"Oct 07, 2024","5,695.94","5,737.80","5,739.34","5,686.85","-","-0.96%"
"Oct 04, 2024","5,751.07","5,737.48","5,753.21","5,702.83","-","0.90%"
"Oct 03, 2024","5,699.94","5,698.19","5,718.78","5,677.37","-","-0.17%"
"Oct 02, 2024","5,709.54","5,698.14","5,719.63","5,674.00","-","0.01%"
"Oct 01, 2024","5,708.75","5,757.73","5,757.73","5,681.28","-","-0.93%"
"Sep 30, 2024","5,762.48","5,726.52","5,765.14","5,703.53","-","0.42%"
"Sep 27, 2024","5,738.17","5,755.36","5,763.78","5,727.34","-","-0.13%"
"Sep 26, 2024","5,745.37","5,762.22","5,767.37","5,721.01","-","0.40%"
"Sep 25, 2024","5,722.26","5,733.65","5,741.03","5,712.06","-","-0.19%"
"Sep 24, 2024","5,732.93","5,727.66","5,735.32","5,698.99","-","0.25%"
"Sep 23, 2024","5,718.57","5,711.90","5,725.36","5,704.22","-","0.28%"
"Sep 20, 2024","5,702.55","5,709.64","5,715.14","5,674.49","-","-0.19%"
"Sep 19, 2024","5,713.64","5,702.63","5,733.57","5,686.42","-","1.70%"
"Sep 18, 2024","5,618.26","5,641.68","5,689.75","5,615.08","-","-0.29%"
"Sep 17, 2024","5,634.58","5,655.51","5,670.81","5,614.05","-","0.03%"
"Sep 16, 2024","5,633.09","5,615.21","5,636.05","5,604.53","-","0.13%"
"Sep 13, 2024","5,626.02","5,603.34","5,636.27","5,601.65","-","0.54%"
"Sep 12, 2024","5,595.76","5,557.48","5,600.71","5,535.50","-","0.75%"
"Sep 11, 2024","5,554.13","5,496.42","5,560.41","5,406.96","-","1.07%"
"Sep 10, 2024","5,495.52","5,490.51","5,497.91","5,441.72","-","0.45%"
"Sep 09, 2024","5,471.05","5,442.07","5,484.20","5,434.49","-","1.16%"
"Sep 06, 2024","5,408.42","5,507.33","5,522.47","5,402.62","-","-1.73%"
"Sep 05, 2024","5,503.41","5,520.08","5,546.30","5,480.54","-","-0.30%"
"Sep 04, 2024","5,520.07","5,506.68","5,552.99","5,503.66","-","-0.16%"
"Sep 03, 2024","5,528.93","5,623.89","5,623.89","5,504.33","-","-2.12%"
"Aug 30, 2024","5,648.40","5,612.74","5,651.37","5,581.79","-","1.01%"
"Aug 29, 2024","5,591.96","5,607.30","5,646.95","5,583.71","-","-0.00%"
"Aug 28, 2024","5,592.18","5,624.51","5,627.03","5,560.95","-","-0.60%"
"Aug 27, 2024","5,625.80","5,602.89","5,631.18","5,593.48","-","0.16%"
"Aug 26, 2024","5,616.84","5,639.66","5,651.62","5,602.34","-","-0.32%"
"Aug 23, 2024","5,634.61","5,602.49","5,641.82","5,585.16","-","1.15%"
"Aug 22, 2024","5,570.64","5,637.77","5,643.22","5,560.95","-","-0.89%"
"Aug 21, 2024","5,620.85","5,603.09","5,632.68","5,591.57","-","0.42%"
"Aug 20, 2024","5,597.12","5,602.88","5,620.51","5,585.50","-","-0.20%"
"Aug 19, 2024","5,608.25","5,557.23","5,608.30","5,550.74","-","0.97%"
"Aug 16, 2024","5,554.25","5,530.50","5,561.98","5,525.17","-","0.20%"
"Aug 15, 2024","5,543.22","5,501.13","5,546.23","5,501.13","-","1.61%"
"Aug 14, 2024","5,455.21","5,442.36","5,463.22","5,415.91","-","0.38%"
"Aug 13, 2024","5,434.43","5,376.98","5,436.50","5,376.98","-","1.68%"
"Aug 12, 2024","5,344.39","5,351.88","5,371.20","5,324.37","-","0.00%"
"Aug 09, 2024","5,344.16","5,314.66","5,358.67","5,300.84","-","0.47%"
"Aug 08, 2024","5,319.31","5,252.57","5,328.03","5,233.85","-","2.30%"
"Aug 07, 2024","5,199.50","5,293.13","5,330.64","5,195.54","-","-0.77%"
"Aug 06, 2024","5,240.03","5,206.42","5,312.34","5,193.56","-","1.04%"
"Aug 05, 2024","5,186.33","5,151.14","5,250.89","5,119.26","-","-3.00%"
"Aug 02, 2024","5,346.56","5,376.63","5,383.89","5,302.03","-","-1.84%"
"Aug 01, 2024","5,446.68","5,537.84","5,566.16","5,410.42","-","-1.37%"
"Jul 31, 2024","5,522.30","5,505.59","5,551.51","5,493.75","-","1.58%"
"Jul 30, 2024","5,436.44","5,478.73","5,489.46","5,401.70","-","-0.50%"
"Jul 29, 2024","5,463.54","5,476.55","5,487.74","5,444.44","-","0.08%"
"Jul 26, 2024","5,459.10","5,433.67","5,488.32","5,430.70","-","1.11%"
"Jul 25, 2024","5,399.22","5,428.70","5,491.59","5,390.95","-","-0.51%"
"Jul 24, 2024","5,427.13","5,505.84","5,508.04","5,419.98","-","-2.31%"
"Jul 23, 2024","5,555.74","5,565.30","5,585.34","5,550.90","-","-0.16%"
"Jul 22, 2024","5,564.41","5,544.54","5,570.36","5,529.04","-","1.08%"
"Jul 19, 2024","5,505.00","5,543.37","5,557.50","5,497.04","-","-0.71%"
"Jul 18, 2024","5,544.59","5,608.56","5,614.05","5,522.81","-","-0.78%"
"Jul 17, 2024","5,588.27","5,610.07","5,622.49","5,584.81","-","-1.39%"
"Jul 16, 2024","5,667.20","5,644.09","5,669.67","5,639.02","-","0.64%"
"Jul 15, 2024","5,631.22","5,638.16","5,666.94","5,614.75","-","0.28%"
"Jul 12, 2024","5,615.35","5,590.76","5,655.56","5,590.44","-","0.55%"
"Jul 11, 2024","5,584.54","5,635.21","5,642.45","5,576.53","-","-0.88%"
"Jul 10, 2024","5,633.91","5,591.26","5,635.39","5,586.44","-","1.02%"
"Jul 09, 2024","5,576.98","5,584.24","5,590.75","5,574.57","-","0.07%"
"Jul 08, 2024","5,572.85","5,572.75","5,583.11","5,562.51","-","0.10%"
"Jul 05, 2024","5,567.19","5,537.91","5,570.33","5,531.63","-","0.54%"
"Jul 03, 2024","5,537.02","5,507.44","5,539.27","5,507.42","-","0.51%"
"Jul 02, 2024","5,509.01","5,461.84","5,509.69","5,458.43","-","0.62%"
"Jul 01, 2024","5,475.09","5,471.08","5,479.55","5,446.53","-","0.27%"
"Jun 28, 2024","5,460.48","5,488.48","5,523.64","5,451.12","-","-0.41%"
"Jun 27, 2024","5,482.87","5,473.59","5,490.81","5,467.54","-","0.09%"
"Jun 26, 2024","5,477.90","5,460.71","5,483.14","5,451.87","-","0.16%"
"Jun 25, 2024","5,469.30","5,460.73","5,472.88","5,446.56","-","0.39%"
"Jun 24, 2024","5,447.87","5,459.58","5,490.66","5,447.59","-","-0.31%"
"Jun 21, 2024","5,464.62","5,466.77","5,478.31","5,452.03","-","-0.16%"
"Jun 20, 2024","5,473.17","5,499.99","5,505.53","5,455.56","-","-0.25%"
"Jun 18, 2024","5,487.03","5,476.15","5,490.38","5,471.32","-","0.25%"
"Jun 17, 2024","5,473.23","5,431.11","5,488.50","5,420.40","-","0.77%"
"Jun 14, 2024","5,431.60","5,424.08","5,432.39","5,403.75","-","-0.04%"
"Jun 13, 2024","5,433.74","5,441.93","5,441.93","5,402.51","-","0.23%"
"Jun 12, 2024","5,421.03","5,409.13","5,447.25","5,409.13","-","0.85%"
"Jun 11, 2024","5,375.32","5,353.00","5,375.95","5,327.25","-","0.27%"
"Jun 10, 2024","5,360.79","5,341.22","5,365.79","5,331.52","-","0.26%"
"Jun 07, 2024","5,346.99","5,343.81","5,375.08","5,331.33","-","-0.11%"
"Jun 06, 2024","5,352.96","5,357.80","5,362.35","5,335.36","-","-0.02%"
"Jun 05, 2024","5,354.03","5,314.48","5,354.16","5,297.64","-","1.18%"
"Jun 04, 2024","5,291.34","5,278.24","5,298.80","5,257.63","-","0.15%"
"Jun 03, 2024","5,283.40","5,297.15","5,302.11","5,234.32","-","0.11%"
"May 31, 2024","5,277.51","5,243.21","5,280.33","5,191.68","-","0.80%"
"May 30, 2024","5,235.48","5,259.77","5,260.21","5,222.10","-","-0.60%"
"May 29, 2024","5,266.95","5,278.73","5,282.27","5,262.70","-","-0.74%"
"May 28, 2024","5,306.04","5,315.91","5,315.91","5,280.89","-","0.02%"
"May 24, 2024","5,304.72","5,281.45","5,311.65","5,278.39","-","0.70%"
"May 23, 2024","5,267.84","5,340.26","5,341.88","5,256.93","-","-0.74%"
"May 22, 2024","5,307.01","5,319.28","5,323.18","5,286.01","-","-0.27%"
"May 21, 2024","5,321.41","5,298.69","5,324.32","5,297.87","-","0.25%"
"May 20, 2024","5,308.13","5,305.35","5,325.32","5,302.40","-","0.09%"
"May 17, 2024","5,303.27","5,303.10","5,305.45","5,283.59","-","0.12%"
"May 16, 2024","5,297.10","5,310.07","5,325.49","5,296.19","-","-0.21%"
"May 15, 2024","5,308.15","5,263.26","5,311.76","5,263.26","-","1.17%"
"May 14, 2024","5,246.68","5,221.10","5,250.37","5,217.98","-","0.48%"
"May 13, 2024","5,221.42","5,233.08","5,237.26","5,211.16","-","-0.02%"
"May 10, 2024","5,222.68","5,225.49","5,239.66","5,209.68","-","0.16%"
"May 09, 2024","5,214.08","5,189.03","5,215.30","5,180.41","-","0.51%"
"May 08, 2024","5,187.67","5,168.98","5,191.95","5,165.86","-","-0.00%"
"May 07, 2024","5,187.70","5,187.20","5,200.23","5,178.96","-","0.13%"
"May 06, 2024","5,180.74","5,142.42","5,181.00","5,142.42","-","1.03%"
"May 03, 2024","5,127.79","5,122.78","5,139.12","5,101.22","-","1.26%"
"May 02, 2024","5,064.20","5,049.32","5,073.21","5,011.05","-","0.91%"
"May 01, 2024","5,018.39","5,029.03","5,096.12","5,013.45","-","-0.34%"
"Apr 30, 2024","5,035.69","5,103.78","5,110.83","5,035.31","-","-1.57%"
"Apr 29, 2024","5,116.17","5,114.13","5,123.49","5,088.65","-","0.32%"
"Apr 26, 2024","5,099.96","5,084.65","5,114.62","5,073.14","-","1.02%"
"Apr 25, 2024","5,048.42","5,019.88","5,057.75","4,990.58","-","-0.46%"
"Apr 24, 2024","5,071.63","5,084.86","5,089.48","5,047.02","-","0.02%"
"Apr 23, 2024","5,070.55","5,028.85","5,076.12","5,027.96","-","1.20%"
"Apr 22, 2024","5,010.60","4,987.33","5,038.84","4,969.40","-","0.87%"
"Apr 19, 2024","4,967.23","5,005.44","5,019.02","4,953.56","-","-0.88%"
"Apr 18, 2024","5,011.12","5,031.52","5,056.66","5,001.89","-","-0.22%"
"Apr 17, 2024","5,022.21","5,068.97","5,077.96","5,007.25","-","-0.58%"
"Apr 16, 2024","5,051.41","5,064.59","5,079.84","5,039.83","-","-0.21%"
"Apr 15, 2024","5,061.82","5,149.67","5,168.43","5,052.47","-","-1.20%"
"Apr 12, 2024","5,123.41","5,171.51","5,175.03","5,107.94","-","-1.46%"
"Apr 11, 2024","5,199.06","5,172.95","5,211.78","5,138.77","-","0.74%"
"Apr 10, 2024","5,160.64","5,167.88","5,178.43","5,138.70","-","-0.95%"
"Apr 09, 2024","5,209.91","5,217.03","5,224.81","5,160.78","-","0.14%"
"Apr 08, 2024","5,202.39","5,211.37","5,219.57","5,197.35","-","-0.04%"
"Apr 05, 2024","5,204.34","5,158.95","5,222.18","5,157.21","-","1.11%"
"Apr 04, 2024","5,147.21","5,244.05","5,256.59","5,146.06","-","-1.23%"
"Apr 03, 2024","5,211.49","5,194.37","5,228.75","5,194.37","-","0.11%"
"Apr 02, 2024","5,205.81","5,204.29","5,208.34","5,184.05","-","-0.72%"
"Apr 01, 2024","5,243.77","5,257.97","5,263.95","5,229.20","-","-0.20%"
"Mar 28, 2024","5,254.35","5,248.03","5,264.85","5,245.82","-","0.11%"
"Mar 27, 2024","5,248.49","5,226.31","5,249.26","5,213.92","-","0.86%"
"Mar 26, 2024","5,203.58","5,228.85","5,235.16","5,203.42","-","-0.28%"
"Mar 25, 2024","5,218.19","5,219.52","5,229.09","5,216.09","-","-0.31%"
"Mar 22, 2024","5,234.18","5,242.48","5,246.09","5,229.87","-","-0.14%"
"Mar 21, 2024","5,241.53","5,253.43","5,261.10","5,240.66","-","0.32%"
"Mar 20, 2024","5,224.62","5,181.69","5,226.19","5,171.55","-","0.89%"
"Mar 19, 2024","5,178.51","5,139.09","5,180.31","5,131.59","-","0.56%"
"Mar 18, 2024","5,149.42","5,154.77","5,175.60","5,145.47","-","0.63%"
"Mar 15, 2024","5,117.09","5,123.31","5,136.86","5,104.35","-","-0.65%"
"Mar 14, 2024","5,150.48","5,175.14","5,176.85","5,123.30","-","-0.29%"
"Mar 13, 2024","5,165.31","5,173.49","5,179.14","5,151.88","-","-0.19%"
"Mar 12, 2024","5,175.27","5,134.30","5,179.87","5,114.48","-","1.12%"
"Mar 11, 2024","5,117.94","5,111.96","5,124.66","5,091.14","-","-0.11%"
"Mar 08, 2024","5,123.69","5,164.46","5,189.26","5,117.50","-","-0.65%"
"Mar 07, 2024","5,157.36","5,132.38","5,165.62","5,128.21","-","1.03%"
"Mar 06, 2024","5,104.76","5,108.03","5,127.97","5,092.22","-","0.51%"
"Mar 05, 2024","5,078.65","5,110.52","5,114.54","5,056.82","-","-1.02%"
"Mar 04, 2024","5,130.95","5,130.99","5,149.67","5,127.18","-","-0.12%"
"Mar 01, 2024","5,137.08","5,098.51","5,140.33","5,094.16","-","0.80%"
"Feb 29, 2024","5,096.27","5,085.36","5,104.99","5,061.89","-","0.52%"
"Feb 28, 2024","5,069.76","5,067.20","5,077.37","5,058.35","-","-0.17%"
"Feb 27, 2024","5,078.18","5,074.60","5,080.69","5,057.29","-","0.17%"
"Feb 26, 2024","5,069.53","5,093.00","5,097.66","5,068.91","-","-0.38%"
"Feb 23, 2024","5,088.80","5,100.92","5,111.06","5,081.46","-","0.03%"
"Feb 22, 2024","5,087.03","5,038.83","5,094.39","5,038.83","-","2.11%"
"Feb 21, 2024","4,981.80","4,963.03","4,983.21","4,946.00","-","0.13%"
"Feb 20, 2024","4,975.51","4,989.32","4,993.71","4,955.02","-","-0.60%"
"Feb 16, 2024","5,005.57","5,031.13","5,038.70","4,999.52","-","-0.48%"
"Feb 15, 2024","5,029.73","5,003.14","5,032.72","4,999.44","-","0.58%"
"Feb 14, 2024","5,000.62","4,976.44","5,002.52","4,956.45","-","0.96%"
"Feb 13, 2024","4,953.17","4,967.94","4,971.30","4,920.31","-","-1.37%"
"Feb 12, 2024","5,021.84","5,026.83","5,048.39","5,016.83","-","-0.09%"
"Feb 09, 2024","5,026.61","5,004.17","5,030.06","5,000.34","-","0.57%"
"Feb 08, 2024","4,997.91","4,995.16","5,000.40","4,987.09","-","0.06%"
"Feb 07, 2024","4,995.06","4,973.05","4,999.89","4,969.05","-","0.82%"
"Feb 06, 2024","4,954.23","4,950.16","4,957.77","4,934.88","-","0.23%"
"Feb 05, 2024","4,942.81","4,957.19","4,957.19","4,918.09","-","-0.32%"
"Feb 02, 2024","4,958.61","4,916.06","4,975.29","4,907.99","-","1.07%"
"Feb 01, 2024","4,906.19","4,861.11","4,906.97","4,853.52","-","1.25%"
"Jan 31, 2024","4,845.65","4,899.19","4,906.75","4,845.15","-","-1.61%"
"Jan 30, 2024","4,924.97","4,925.89","4,931.09","4,916.27","-","-0.06%"
"Jan 29, 2024","4,927.93","4,892.95","4,929.31","4,887.40","-","0.76%"
"Jan 26, 2024","4,890.97","4,888.91","4,906.69","4,881.47","-","-0.07%"
"Jan 25, 2024","4,894.16","4,886.66","4,898.15","4,869.34","-","0.53%"
"Jan 24, 2024","4,868.55","4,888.56","4,903.68","4,865.94","-","0.08%"
"Jan 23, 2024","4,864.60","4,856.80","4,866.48","4,844.37","-","0.29%"
"Jan 22, 2024","4,850.43","4,853.42","4,868.41","4,844.05","-","0.22%"
"Jan 19, 2024","4,839.81","4,796.28","4,842.07","4,785.87","-","1.23%"
"Jan 18, 2024","4,780.94","4,760.10","4,785.79","4,740.57","-","0.88%"
"Jan 17, 2024","4,739.21","4,739.13","4,744.23","4,714.82","-","-0.56%"
"Jan 16, 2024","4,765.98","4,772.35","4,782.34","4,747.12","-","-0.37%"
"Jan 12, 2024","4,783.83","4,791.18","4,802.40","4,768.98","-","0.08%"
"Jan 11, 2024","4,780.24","4,792.13","4,798.50","4,739.58","-","-0.07%"
"Jan 10, 2024","4,783.45","4,759.94","4,790.80","4,756.20","-","0.57%"
"Jan 09, 2024","4,756.50","4,741.93","4,765.47","4,730.35","-","-0.15%"
"Jan 08, 2024","4,763.54","4,703.70","4,764.54","4,699.82","-","1.41%"
"Jan 05, 2024","4,697.24","4,690.57","4,721.49","4,682.11","-","0.18%"
"Jan 04, 2024","4,688.68","4,697.42","4,726.78","4,687.53","-","-0.34%"
"Jan 03, 2024","4,704.81","4,725.07","4,729.29","4,699.71","-","-0.80%"
"Jan 02, 2024","4,742.83","4,745.20","4,754.33","4,722.67","-","-0.57%"
"Dec 29, 2023","4,769.83","4,782.88","4,788.43","4,751.99","-","-0.28%"
"Dec 28, 2023","4,783.35","4,786.44","4,793.30","4,780.98","-","0.04%"
"Dec 27, 2023","4,781.58","4,773.45","4,785.39","4,768.90","-","0.14%"
"Dec 26, 2023","4,774.75","4,758.86","4,784.72","4,758.45","-","0.42%"
"Dec 22, 2023","4,754.63","4,753.92","4,772.94","4,736.77","-","0.17%"
"Dec 21, 2023","4,746.75","4,724.29","4,748.71","4,708.35","-","1.03%"
"Dec 20, 2023","4,698.35","4,764.73","4,778.01","4,697.82","-","-1.47%"
"Dec 19, 2023","4,768.37","4,743.72","4,768.69","4,743.72","-","0.59%"
"Dec 18, 2023","4,740.56","4,725.58","4,749.52","4,725.58","-","0.45%"
"Dec 15, 2023","4,719.19","4,714.23","4,725.53","4,704.69","-","-0.01%"
"Dec 14, 2023","4,719.55","4,721.04","4,738.57","4,694.34","-","0.26%"
"Dec 13, 2023","4,707.09","4,646.20","4,709.69","4,643.23","-","1.37%"
"Dec 12, 2023","4,643.70","4,618.30","4,643.93","4,608.09","-","0.46%"
"Dec 11, 2023","4,622.44","4,593.39","4,623.71","4,593.39","-","0.39%"
"Dec 08, 2023","4,604.37","4,576.20","4,609.23","4,574.06","-","0.41%"
"Dec 07, 2023","4,585.59","4,568.84","4,590.92","4,565.22","-","0.80%"
"Dec 06, 2023","4,549.34","4,586.23","4,590.74","4,546.50","-","-0.39%"
"Dec 05, 2023","4,567.18","4,557.25","4,578.56","4,551.68","-","-0.06%"
"Dec 04, 2023","4,569.78","4,564.37","4,572.37","4,546.72","-","-0.54%"
"Dec 01, 2023","4,594.63","4,559.43","4,599.39","4,554.71","-","0.59%"
"Nov 30, 2023","4,567.80","4,554.87","4,569.89","4,537.24","-","0.38%"
"Nov 29, 2023","4,550.58","4,571.84","4,587.64","4,547.15","-","-0.09%"
"Nov 28, 2023","4,554.89","4,545.55","4,568.14","4,540.51","-","0.10%"
"Nov 27, 2023","4,550.43","4,554.86","4,560.52","4,546.32","-","-0.20%"
"Nov 24, 2023","4,559.34","4,555.84","4,560.31","4,552.80","-","0.06%"
"Nov 22, 2023","4,556.62","4,553.04","4,568.43","4,545.05","-","0.41%"
"Nov 21, 2023","4,538.19","4,538.77","4,542.14","4,525.51","-","-0.20%"
"Nov 20, 2023","4,547.38","4,511.70","4,557.11","4,510.36","-","0.74%"
"Nov 17, 2023","4,514.02","4,509.55","4,520.12","4,499.66","-","0.13%"
"Nov 16, 2023","4,508.24","4,497.08","4,511.99","4,487.83","-","0.12%"
"Nov 15, 2023","4,502.88","4,505.30","4,521.17","4,495.31","-","0.16%"
"Nov 14, 2023","4,495.70","4,458.97","4,508.67","4,458.97","-","1.91%"
"Nov 13, 2023","4,411.55","4,406.66","4,421.76","4,393.82","-","-0.08%"
"Nov 10, 2023","4,415.24","4,364.15","4,418.03","4,353.34","-","1.56%"
"Nov 09, 2023","4,347.35","4,391.41","4,393.40","4,343.94","-","-0.81%"
"Nov 08, 2023","4,382.78","4,384.37","4,391.20","4,359.76","-","0.10%"
"Nov 07, 2023","4,378.38","4,366.21","4,386.26","4,355.41","-","0.28%"
"Nov 06, 2023","4,365.98","4,364.27","4,372.21","4,347.53","-","0.18%"
"Nov 03, 2023","4,358.34","4,334.23","4,373.62","4,334.23","-","0.94%"
"Nov 02, 2023","4,317.78","4,268.26","4,319.72","4,268.26","-","1.89%"
"Nov 01, 2023","4,237.86","4,201.27","4,245.64","4,197.74","-","1.05%"
"Oct 31, 2023","4,193.80","4,171.33","4,195.55","4,153.12","-","0.65%"
"Oct 30, 2023","4,166.82","4,139.39","4,177.47","4,132.94","-","1.20%"
"Oct 27, 2023","4,117.37","4,152.93","4,156.70","4,103.78","-","-0.48%"
"Oct 26, 2023","4,137.23","4,175.99","4,183.60","4,127.90","-","-1.18%"
"Oct 25, 2023","4,186.77","4,232.42","4,232.42","4,181.42","-","-1.43%"
"Oct 24, 2023","4,247.68","4,235.79","4,259.38","4,219.43","-","0.73%"
"Oct 23, 2023","4,217.04","4,210.40","4,255.84","4,189.22","-","-0.17%"
"Oct 20, 2023","4,224.16","4,273.85","4,276.56","4,223.03","-","-1.26%"
"Oct 19, 2023","4,278.00","4,321.36","4,339.54","4,269.69","-","-0.85%"
"Oct 18, 2023","4,314.60","4,357.35","4,364.20","4,303.84","-","-1.34%"
"Oct 17, 2023","4,373.20","4,345.23","4,393.57","4,337.54","-","-0.01%"
"Oct 16, 2023","4,373.63","4,342.37","4,383.33","4,342.37","-","1.06%"
"Oct 13, 2023","4,327.78","4,360.49","4,377.10","4,311.97","-","-0.50%"
"Oct 12, 2023","4,349.61","4,380.94","4,385.85","4,325.43","-","-0.62%"
"Oct 11, 2023","4,376.95","4,366.59","4,378.64","4,345.34","-","0.43%"
"Oct 10, 2023","4,358.24","4,339.75","4,385.46","4,339.64","-","0.52%"
"Oct 09, 2023","4,335.66","4,289.02","4,341.73","4,283.79","-","0.63%"
"Oct 06, 2023","4,308.50","4,234.79","4,324.10","4,219.55","-","1.18%"
"Oct 05, 2023","4,258.19","4,259.31","4,267.13","4,225.91","-","-0.13%"
"Oct 04, 2023","4,263.75","4,233.83","4,268.50","4,220.48","-","0.81%"
"Oct 03, 2023","4,229.45","4,269.75","4,281.15","4,216.45","-","-1.37%"
"Oct 02, 2023","4,288.39","4,284.52","4,300.58","4,260.21","-","0.01%"
"Sep 29, 2023","4,288.05","4,328.18","4,333.15","4,274.86","-","-0.27%"
"Sep 28, 2023","4,299.70","4,269.65","4,317.27","4,264.38","-","0.59%"
"Sep 27, 2023","4,274.51","4,282.63","4,292.07","4,238.63","-","0.02%"
"Sep 26, 2023","4,273.53","4,312.88","4,313.01","4,265.98","-","-1.47%"
"Sep 25, 2023","4,337.44","4,310.62","4,338.51","4,302.70","-","0.40%"
"Sep 22, 2023","4,320.06","4,341.74","4,357.40","4,316.49","-","-0.23%"
"Sep 21, 2023","4,330.00","4,374.36","4,375.70","4,329.17","-","-1.64%"
"Sep 20, 2023","4,402.20","4,452.81","4,461.03","4,401.38","-","-0.94%"
"Sep 19, 2023","4,443.95","4,445.41","4,449.85","4,416.61","-","-0.22%"
"Sep 18, 2023","4,453.53","4,445.13","4,466.36","4,442.11","-","0.07%"
"Sep 15, 2023","4,450.32","4,497.98","4,497.98","4,447.21","-","-1.22%"
"Sep 14, 2023","4,505.10","4,487.78","4,511.99","4,478.69","-","0.84%"
"Sep 13, 2023","4,467.44","4,462.65","4,479.39","4,453.52","-","0.12%"
"Sep 12, 2023","4,461.90","4,473.27","4,487.11","4,456.83","-","-0.57%"
"Sep 11, 2023","4,487.46","4,480.98","4,490.77","4,467.89","-","0.67%"
"Sep 08, 2023","4,457.49","4,451.30","4,473.53","4,448.38","-","0.14%"
"Sep 07, 2023","4,451.14","4,434.55","4,457.81","4,430.46","-","-0.32%"
"Sep 06, 2023","4,465.48","4,490.35","4,490.35","4,442.38","-","-0.70%"
"Sep 05, 2023","4,496.83","4,510.06","4,514.29","4,496.01","-","-0.42%"
"Sep 01, 2023","4,515.77","4,530.60","4,541.25","4,501.35","-","0.18%"
"Aug 31, 2023","4,507.66","4,517.01","4,532.26","4,507.39","-","-0.16%"
"Aug 30, 2023","4,514.87","4,500.34","4,521.65","4,493.59","-","0.38%"
"Aug 29, 2023","4,497.63","4,432.75","4,500.14","4,431.68","-","1.45%"
"Aug 28, 2023","4,433.31","4,426.03","4,439.56","4,414.98","-","0.63%"
"Aug 25, 2023","4,405.71","4,389.38","4,418.46","4,356.29","-","0.67%"
"Aug 24, 2023","4,376.31","4,455.16","4,458.30","4,375.55","-","-1.35%"
"Aug 23, 2023","4,436.01","4,396.44","4,443.18","4,396.44","-","1.10%"
"Aug 22, 2023","4,387.55","4,415.33","4,418.59","4,382.77","-","-0.28%"
"Aug 21, 2023","4,399.77","4,380.28","4,407.55","4,360.30","-","0.69%"
"Aug 18, 2023","4,369.71","4,344.88","4,381.82","4,335.31","-","-0.01%"
"Aug 17, 2023","4,370.36","4,416.32","4,421.17","4,364.83","-","-0.77%"
"Aug 16, 2023","4,404.33","4,433.79","4,449.95","4,403.55","-","-0.76%"
"Aug 15, 2023","4,437.86","4,478.87","4,478.87","4,432.19","-","-1.16%"
"Aug 14, 2023","4,489.72","4,458.13","4,490.33","4,453.44","-","0.58%"
"Aug 11, 2023","4,464.05","4,450.69","4,476.23","4,443.98","-","-0.11%"
"Aug 10, 2023","4,468.83","4,487.16","4,527.37","4,457.92","-","0.03%"
"Aug 09, 2023","4,467.71","4,501.57","4,502.44","4,461.33","-","-0.70%"
"Aug 08, 2023","4,499.38","4,498.03","4,503.31","4,464.39","-","-0.42%"
"Aug 07, 2023","4,518.44","4,491.58","4,519.84","4,491.15","-","0.90%"
"Aug 04, 2023","4,478.03","4,513.96","4,540.34","4,474.55","-","-0.53%"
"Aug 03, 2023","4,501.89","4,494.27","4,519.49","4,485.54","-","-0.25%"
"Aug 02, 2023","4,513.39","4,550.93","4,550.93","4,505.75","-","-1.38%"
"Aug 01, 2023","4,576.73","4,578.83","4,584.62","4,567.53","-","-0.27%"
"Jul 31, 2023","4,588.96","4,584.82","4,594.22","4,573.14","-","0.15%"
"Jul 28, 2023","4,582.23","4,565.75","4,590.16","4,564.01","-","0.99%"
"Jul 27, 2023","4,537.41","4,598.26","4,607.07","4,528.56","-","-0.64%"
"Jul 26, 2023","4,566.75","4,558.96","4,582.47","4,547.58","-","-0.02%"
"Jul 25, 2023","4,567.46","4,555.19","4,580.62","4,552.42","-","0.28%"
"Jul 24, 2023","4,554.64","4,543.39","4,563.41","4,541.29","-","0.40%"
"Jul 21, 2023","4,536.34","4,550.16","4,555.00","4,535.79","-","0.03%"
"Jul 20, 2023","4,534.87","4,554.38","4,564.74","4,527.56","-","-0.68%"
"Jul 19, 2023","4,565.72","4,563.87","4,578.43","4,557.48","-","0.24%"
"Jul 18, 2023","4,554.98","4,521.78","4,562.30","4,514.59","-","0.71%"
"Jul 17, 2023","4,522.79","4,508.86","4,532.85","4,504.90","-","0.39%"
"Jul 14, 2023","4,505.42","4,514.61","4,527.76","4,499.56","-","-0.10%"
"Jul 13, 2023","4,510.04","4,491.50","4,517.38","4,489.36","-","0.85%"
"Jul 12, 2023","4,472.16","4,467.69","4,488.34","4,463.23","-","0.74%"
"Jul 11, 2023","4,439.26","4,415.55","4,443.64","4,408.46","-","0.67%"
"Jul 10, 2023","4,409.53","4,394.23","4,412.60","4,389.92","-","0.24%"
"Jul 07, 2023","4,398.95","4,404.54","4,440.39","4,397.40","-","-0.29%"
"Jul 06, 2023","4,411.59","4,422.62","4,422.62","4,385.05","-","-0.79%"
"Jul 05, 2023","4,446.82","4,442.04","4,454.06","4,436.61","-","-0.20%"
"Jul 03, 2023","4,455.59","4,450.48","4,456.46","4,442.29","-","0.12%"
"Jun 30, 2023","4,450.38","4,422.44","4,458.48","4,422.44","-","1.23%"
"Jun 29, 2023","4,396.44","4,374.94","4,398.39","4,371.97","-","0.45%"
"Jun 28, 2023","4,376.86","4,367.48","4,390.35","4,360.22","-","-0.04%"
"Jun 27, 2023","4,378.41","4,337.36","4,384.42","4,335.00","-","1.15%"
"Jun 26, 2023","4,328.82","4,344.84","4,362.06","4,328.08","-","-0.45%"
"Jun 23, 2023","4,348.33","4,354.17","4,366.55","4,341.34","-","-0.77%"
"Jun 22, 2023","4,381.89","4,355.40","4,382.25","4,351.82","-","0.37%"
"Jun 21, 2023","4,365.69","4,380.01","4,386.22","4,360.14","-","-0.52%"
"Jun 20, 2023","4,388.71","4,396.11","4,400.15","4,367.19","-","-0.47%"
"Jun 16, 2023","4,409.59","4,440.95","4,448.47","4,407.44","-","-0.37%"
"Jun 15, 2023","4,425.84","4,365.33","4,439.20","4,362.60","-","1.22%"
"Jun 14, 2023","4,372.59","4,366.29","4,391.82","4,337.85","-","0.08%"
"Jun 13, 2023","4,369.01","4,352.61","4,375.37","4,349.31","-","0.69%"
"Jun 12, 2023","4,338.93","4,308.32","4,340.13","4,304.37","-","0.93%"
"Jun 09, 2023","4,298.86","4,304.88","4,322.62","4,291.70","-","0.11%"
"Jun 08, 2023","4,293.93","4,268.69","4,298.01","4,261.07","-","0.62%"
"Jun 07, 2023","4,267.52","4,285.47","4,299.19","4,263.96","-","-0.38%"
"Jun 06, 2023","4,283.85","4,271.34","4,288.33","4,263.09","-","0.24%"
"Jun 05, 2023","4,273.79","4,282.99","4,299.28","4,266.82","-","-0.20%"
"Jun 02, 2023","4,282.37","4,241.01","4,290.67","4,241.01","-","1.45%"
"Jun 01, 2023","4,221.02","4,183.03","4,232.43","4,171.64","-","0.99%"
"May 31, 2023","4,179.83","4,190.74","4,195.44","4,166.15","-","-0.61%"
"May 30, 2023","4,205.52","4,226.71","4,231.10","4,192.18","-","0.00%"
"May 26, 2023","4,205.45","4,156.16","4,212.87","4,156.16","-","1.30%"
"May 25, 2023","4,151.28","4,155.71","4,165.74","4,129.73","-","0.88%"
"May 24, 2023","4,115.24","4,132.96","4,132.96","4,103.98","-","-0.73%"
"May 23, 2023","4,145.58","4,176.80","4,185.68","4,142.54","-","-1.12%"
"May 22, 2023","4,192.63","4,190.78","4,209.22","4,179.68","-","0.02%"
"May 19, 2023","4,191.98","4,204.15","4,212.91","4,180.20","-","-0.14%"
"May 18, 2023","4,198.05","4,157.68","4,202.20","4,153.50","-","0.94%"
"May 17, 2023","4,158.77","4,122.85","4,164.67","4,113.62","-","1.19%"
"May 16, 2023","4,109.90","4,127.95","4,135.54","4,109.86","-","-0.64%"
"May 15, 2023","4,136.28","4,126.65","4,141.25","4,110.27","-","0.30%"
"May 12, 2023","4,124.08","4,138.54","4,143.74","4,099.12","-","-0.16%"
"May 11, 2023","4,130.62","4,132.24","4,132.80","4,109.29","-","-0.17%"
"May 10, 2023","4,137.64","4,143.74","4,154.28","4,098.92","-","0.45%"
"May 09, 2023","4,119.17","4,124.25","4,130.35","4,116.65","-","-0.46%"
"May 08, 2023","4,138.12","4,136.98","4,142.30","4,123.81","-","0.05%"
"May 05, 2023","4,136.25","4,084.73","4,147.02","4,084.73","-","1.85%"
"May 04, 2023","4,061.22","4,082.55","4,082.61","4,048.28","-","-0.72%"
"May 03, 2023","4,090.75","4,122.25","4,148.30","4,088.86","-","-0.70%"
"May 02, 2023","4,119.58","4,164.10","4,164.10","4,089.72","-","-1.16%"
"May 01, 2023","4,167.87","4,166.79","4,186.92","4,164.12","-","-0.04%"
"Apr 28, 2023","4,169.48","4,129.63","4,170.06","4,127.18","-","0.83%"
"Apr 27, 2023","4,135.35","4,075.29","4,138.24","4,075.29","-","1.96%"
"Apr 26, 2023","4,055.99","4,087.78","4,089.67","4,049.35","-","-0.38%"
"Apr 25, 2023","4,071.63","4,126.43","4,126.43","4,071.38","-","-1.58%"
"Apr 24, 2023","4,137.04","4,132.07","4,142.41","4,117.77","-","0.09%"
"Apr 21, 2023","4,133.52","4,132.14","4,138.02","4,113.86","-","0.09%"
"Apr 20, 2023","4,129.79","4,130.48","4,148.57","4,114.57","-","-0.60%"
"Apr 19, 2023","4,154.52","4,139.33","4,162.57","4,134.49","-","-0.01%"
"Apr 18, 2023","4,154.87","4,164.26","4,169.48","4,140.36","-","0.09%"
"Apr 17, 2023","4,151.32","4,137.17","4,151.72","4,123.18","-","0.33%"
"Apr 14, 2023","4,137.64","4,140.11","4,163.19","4,113.20","-","-0.21%"
"Apr 13, 2023","4,146.22","4,100.04","4,150.26","4,099.40","-","1.33%"
"Apr 12, 2023","4,091.95","4,121.72","4,134.37","4,086.94","-","-0.41%"
"Apr 11, 2023","4,108.94","4,110.29","4,124.26","4,102.61","-","-0.00%"
"Apr 10, 2023","4,109.11","4,085.20","4,109.50","4,072.55","-","0.10%"
"Apr 06, 2023","4,105.02","4,081.15","4,107.32","4,069.84","-","0.36%"
"Apr 05, 2023","4,090.38","4,094.50","4,099.69","4,072.56","-","-0.25%"
"Apr 04, 2023","4,100.60","4,128.03","4,133.13","4,086.87","-","-0.58%"
"Apr 03, 2023","4,124.51","4,102.20","4,127.66","4,098.79","-","0.37%"
"Mar 31, 2023","4,109.31","4,056.18","4,110.75","4,056.18","-","1.44%"
"Mar 30, 2023","4,050.83","4,046.74","4,057.85","4,032.10","-","0.57%"
"Mar 29, 2023","4,027.81","3,999.53","4,030.59","3,999.53","-","1.42%"
"Mar 28, 2023","3,971.27","3,974.13","3,979.20","3,951.53","-","-0.16%"
"Mar 27, 2023","3,977.53","3,982.93","4,003.83","3,970.49","-","0.16%"
"Mar 24, 2023","3,970.99","3,939.21","3,972.74","3,909.16","-","0.56%"
"Mar 23, 2023","3,948.72","3,959.21","4,007.66","3,919.05","-","0.30%"
"Mar 22, 2023","3,936.97","4,002.04","4,039.49","3,936.17","-","-1.65%"
"Mar 21, 2023","4,002.87","3,975.89","4,009.08","3,971.19","-","1.30%"
"Mar 20, 2023","3,951.57","3,917.47","3,956.62","3,916.89","-","0.89%"
"Mar 17, 2023","3,916.64","3,958.69","3,958.91","3,901.27","-","-1.10%"
"Mar 16, 2023","3,960.28","3,878.93","3,964.46","3,864.11","-","1.76%"
"Mar 15, 2023","3,891.93","3,876.74","3,894.26","3,838.24","-","-0.70%"
"Mar 14, 2023","3,919.29","3,894.01","3,937.29","3,873.63","-","1.65%"
"Mar 13, 2023","3,855.76","3,835.12","3,905.05","3,808.86","-","-0.15%"
"Mar 10, 2023","3,861.59","3,912.77","3,934.05","3,846.32","-","-1.45%"
"Mar 09, 2023","3,918.32","3,998.66","4,017.81","3,908.70","-","-1.85%"
"Mar 08, 2023","3,992.01","3,987.55","4,000.41","3,969.76","-","0.14%"
"Mar 07, 2023","3,986.37","4,048.26","4,050.00","3,980.31","-","-1.53%"
"Mar 06, 2023","4,048.42","4,055.15","4,078.49","4,044.61","-","0.07%"
"Mar 03, 2023","4,045.64","3,998.02","4,048.29","3,995.17","-","1.61%"
"Mar 02, 2023","3,981.35","3,938.68","3,990.84","3,928.16","-","0.76%"
"Mar 01, 2023","3,951.39","3,963.34","3,971.73","3,939.05","-","-0.47%"
"Feb 28, 2023","3,970.15","3,977.19","3,997.50","3,968.98","-","-0.30%"
"Feb 27, 2023","3,982.24","3,992.36","4,018.05","3,973.55","-","0.31%"
"Feb 24, 2023","3,970.04","3,973.24","3,978.25","3,943.08","-","-1.05%"
"Feb 23, 2023","4,012.32","4,018.60","4,028.30","3,969.19","-","0.53%"
"Feb 22, 2023","3,991.05","4,001.83","4,017.37","3,976.90","-","-0.16%"
"Feb 21, 2023","3,997.34","4,052.35","4,052.35","3,995.19","-","-2.00%"
"Feb 17, 2023","4,079.09","4,077.39","4,081.51","4,047.95","-","-0.28%"
"Feb 16, 2023","4,090.41","4,114.75","4,136.54","4,089.49","-","-1.38%"
"Feb 15, 2023","4,147.60","4,119.50","4,148.11","4,103.98","-","0.28%"
"Feb 14, 2023","4,136.13","4,126.70","4,159.77","4,095.01","-","-0.03%"
"Feb 13, 2023","4,137.29","4,096.62","4,138.90","4,092.67","-","1.14%"
"Feb 10, 2023","4,090.46","4,068.92","4,094.36","4,060.79","-","0.22%"
"Feb 09, 2023","4,081.50","4,144.25","4,156.23","4,069.67","-","-0.88%"
"Feb 08, 2023","4,117.86","4,153.47","4,156.85","4,111.67","-","-1.11%"
"Feb 07, 2023","4,164.00","4,105.35","4,176.54","4,088.39","-","1.29%"
"Feb 06, 2023","4,111.08","4,119.57","4,124.63","4,093.38","-","-0.61%"
"Feb 03, 2023","4,136.48","4,136.69","4,182.36","4,123.36","-","-1.04%"
"Feb 02, 2023","4,179.76","4,158.68","4,195.44","4,141.88","-","1.47%"
"Feb 01, 2023","4,119.21","4,070.07","4,148.95","4,037.20","-","1.05%"
"Jan 31, 2023","4,076.60","4,020.85","4,077.16","4,020.44","-","1.46%"
"Jan 30, 2023","4,017.77","4,049.27","4,063.85","4,015.55","-","-1.30%"
"Jan 27, 2023","4,070.56","4,053.72","4,094.21","4,048.70","-","0.25%"
"Jan 26, 2023","4,060.43","4,036.08","4,061.57","4,013.29","-","1.10%"
"Jan 25, 2023","4,016.22","3,982.71","4,019.55","3,949.06","-","-0.02%"
"Jan 24, 2023","4,016.95","4,001.74","4,023.92","3,989.79","-","-0.07%"
"Jan 23, 2023","4,019.81","3,978.14","4,039.31","3,971.64","-","1.19%"
"Jan 20, 2023","3,972.61","3,909.04","3,972.96","3,897.86","-","1.89%"
"Jan 19, 2023","3,898.85","3,911.84","3,922.94","3,885.54","-","-0.76%"
"Jan 18, 2023","3,928.86","4,002.25","4,014.16","3,926.59","-","-1.56%"
"Jan 17, 2023","3,990.97","3,999.28","4,015.39","3,984.57","-","-0.20%"
"Jan 13, 2023","3,999.09","3,960.60","4,003.95","3,947.67","-","0.40%"
"Jan 12, 2023","3,983.17","3,977.57","3,997.76","3,937.56","-","0.34%"
"Jan 11, 2023","3,969.61","3,932.35","3,970.07","3,928.54","-","1.28%"
"Jan 10, 2023","3,919.25","3,888.57","3,919.83","3,877.29","-","0.70%"
"Jan 09, 2023","3,892.09","3,910.82","3,950.57","3,890.42","-","-0.08%"
"Jan 06, 2023","3,895.08","3,823.37","3,906.19","3,809.56","-","2.28%"
"Jan 05, 2023","3,808.10","3,839.74","3,839.74","3,802.42","-","-1.16%"
"Jan 04, 2023","3,852.97","3,840.36","3,873.16","3,815.77","-","0.75%"
"Jan 03, 2023","3,824.14","3,853.29","3,878.46","3,794.33","-","-0.40%"
"Dec 30, 2022","3,839.50","3,829.06","3,839.85","3,800.34","-","-0.25%"
"Dec 29, 2022","3,849.28","3,805.45","3,858.19","3,805.45","-","1.75%"
"Dec 28, 2022","3,783.22","3,829.56","3,848.32","3,780.78","-","-1.20%"
"Dec 27, 2022","3,829.25","3,843.34","3,846.65","3,813.22","-","-0.40%"
"Dec 23, 2022","3,844.82","3,815.11","3,845.80","3,797.01","-","0.59%"
"Dec 22, 2022","3,822.39","3,853.26","3,853.26","3,764.49","-","-1.45%"
"Dec 21, 2022","3,878.44","3,839.49","3,889.82","3,839.49","-","1.49%"
"Dec 20, 2022","3,821.62","3,810.47","3,838.24","3,795.62","-","0.10%"
"Dec 19, 2022","3,817.66","3,853.79","3,854.86","3,800.04","-","-0.90%"
"Dec 16, 2022","3,852.36","3,890.91","3,890.91","3,827.91","-","-1.11%"
"Dec 15, 2022","3,895.75","3,958.37","3,958.37","3,879.45","-","-2.49%"
"Dec 14, 2022","3,995.32","4,015.54","4,053.76","3,965.65","-","-0.61%"
"Dec 13, 2022","4,019.65","4,069.38","4,100.96","3,993.03","-","0.73%"
"Dec 12, 2022","3,990.56","3,939.29","3,990.71","3,935.30","-","1.43%"
"Dec 09, 2022","3,934.38","3,954.17","3,977.02","3,933.04","-","-0.73%"
"Dec 08, 2022","3,963.51","3,947.79","3,974.19","3,935.83","-","0.75%"
"Dec 07, 2022","3,933.92","3,933.28","3,957.57","3,922.68","-","-0.19%"
"Dec 06, 2022","3,941.26","3,996.63","4,001.51","3,918.39","-","-1.44%"
"Dec 05, 2022","3,998.84","4,052.02","4,052.45","3,984.49","-","-1.79%"
"Dec 02, 2022","4,071.70","4,040.17","4,080.48","4,026.63","-","-0.12%"
"Dec 01, 2022","4,076.57","4,087.14","4,100.51","4,050.87","-","-0.09%"
"Nov 30, 2022","4,080.11","3,957.18","4,080.11","3,938.58","-","3.09%"
"Nov 29, 2022","3,957.63","3,964.19","3,976.77","3,937.65","-","-0.16%"
"Nov 28, 2022","3,963.94","4,005.36","4,012.27","3,955.77","-","-1.54%"
"Nov 25, 2022","4,026.12","4,023.34","4,034.02","4,020.76","-","-0.03%"
"Nov 23, 2022","4,027.26","4,000.30","4,033.78","3,998.66","-","0.59%"
"Nov 22, 2022","4,003.58","3,965.51","4,005.88","3,956.88","-","1.36%"
"Nov 21, 2022","3,949.94","3,956.23","3,962.00","3,933.34","-","-0.39%"
"Nov 18, 2022","3,965.34","3,966.39","3,979.89","3,935.98","-","0.48%"
"Nov 17, 2022","3,946.56","3,919.26","3,954.33","3,906.54","-","-0.31%"
"Nov 16, 2022","3,958.79","3,976.82","3,983.09","3,954.34","-","-0.83%"
"Nov 15, 2022","3,991.73","4,006.41","4,028.84","3,953.17","-","0.87%"
"Nov 14, 2022","3,957.25","3,977.97","4,008.97","3,956.40","-","-0.89%"
"Nov 11, 2022","3,992.93","3,963.72","4,001.48","3,944.82","-","0.92%"
"Nov 10, 2022","3,956.37","3,859.89","3,958.33","3,859.89","-","5.54%"
"Nov 09, 2022","3,748.57","3,810.94","3,818.20","3,744.22","-","-2.08%"
"Nov 08, 2022","3,828.11","3,817.02","3,859.40","3,786.28","-","0.56%"
"Nov 07, 2022","3,806.80","3,780.71","3,813.95","3,764.70","-","0.96%"
"Nov 04, 2022","3,770.55","3,766.98","3,796.34","3,708.84","-","1.36%"
"Nov 03, 2022","3,719.89","3,733.25","3,750.59","3,698.15","-","-1.06%"
"Nov 02, 2022","3,759.69","3,852.90","3,894.44","3,758.68","-","-2.50%"
"Nov 01, 2022","3,856.10","3,901.79","3,911.79","3,843.80","-","-0.41%"
"Oct 31, 2022","3,871.98","3,881.85","3,893.73","3,863.18","-","-0.75%"
"Oct 28, 2022","3,901.06","3,808.26","3,905.42","3,808.26","-","2.46%"
"Oct 27, 2022","3,807.30","3,834.69","3,859.95","3,803.79","-","-0.61%"
"Oct 26, 2022","3,830.60","3,825.97","3,886.15","3,824.07","-","-0.74%"
"Oct 25, 2022","3,859.11","3,799.44","3,862.85","3,799.44","-","1.63%"
"Oct 24, 2022","3,797.34","3,762.01","3,810.74","3,741.65","-","1.19%"
"Oct 21, 2022","3,752.75","3,657.10","3,757.89","3,647.42","-","2.37%"
"Oct 20, 2022","3,665.78","3,689.05","3,736.00","3,656.44","-","-0.80%"
"Oct 19, 2022","3,695.16","3,703.11","3,728.58","3,666.51","-","-0.67%"
"Oct 18, 2022","3,719.98","3,746.26","3,762.79","3,686.53","-","1.14%"
"Oct 17, 2022","3,677.95","3,638.65","3,689.73","3,638.65","-","2.65%"
"Oct 14, 2022","3,583.07","3,690.41","3,712.00","3,579.68","-","-2.37%"
"Oct 13, 2022","3,669.91","3,520.37","3,685.41","3,491.58","-","2.60%"
"Oct 12, 2022","3,577.03","3,590.83","3,608.34","3,573.86","-","-0.33%"
"Oct 11, 2022","3,588.84","3,595.86","3,640.66","3,568.45","-","-0.65%"
"Oct 10, 2022","3,612.39","3,647.51","3,652.17","3,588.10","-","-0.75%"
"Oct 07, 2022","3,639.66","3,706.74","3,706.74","3,620.73","-","-2.80%"
"Oct 06, 2022","3,744.52","3,771.97","3,797.93","3,739.22","-","-1.02%"
"Oct 05, 2022","3,783.28","3,753.25","3,806.91","3,722.66","-","-0.20%"
"Oct 04, 2022","3,790.93","3,726.46","3,791.92","3,726.46","-","3.06%"
"Oct 03, 2022","3,678.43","3,609.78","3,698.35","3,604.93","-","2.59%"
"Sep 30, 2022","3,585.62","3,633.48","3,671.44","3,584.13","-","-1.51%"
"Sep 29, 2022","3,640.47","3,687.01","3,687.01","3,610.40","-","-2.11%"
"Sep 28, 2022","3,719.04","3,651.94","3,736.74","3,640.61","-","1.97%"
"Sep 27, 2022","3,647.29","3,686.44","3,717.53","3,623.29","-","-0.21%"
"Sep 26, 2022","3,655.04","3,682.72","3,715.67","3,644.76","-","-1.03%"
"Sep 23, 2022","3,693.23","3,727.14","3,727.14","3,647.47","-","-1.72%"
"Sep 22, 2022","3,757.99","3,782.36","3,790.90","3,749.45","-","-0.84%"
"Sep 21, 2022","3,789.93","3,871.40","3,907.07","3,789.49","-","-1.71%"
"Sep 20, 2022","3,855.93","3,875.23","3,876.01","3,827.54","-","-1.13%"
"Sep 19, 2022","3,899.89","3,849.91","3,900.45","3,838.50","-","0.69%"
"Sep 16, 2022","3,873.33","3,880.95","3,880.95","3,837.08","-","-0.72%"
"Sep 15, 2022","3,901.35","3,932.41","3,959.14","3,888.28","-","-1.13%"
"Sep 14, 2022","3,946.01","3,940.73","3,961.94","3,912.18","-","0.34%"
"Sep 13, 2022","3,932.69","4,037.12","4,037.12","3,921.28","-","-4.32%"
"Sep 12, 2022","4,110.41","4,083.67","4,119.28","4,083.67","-","1.06%"
"Sep 09, 2022","4,067.36","4,022.94","4,076.81","4,022.94","-","1.53%"
"Sep 08, 2022","4,006.18","3,959.94","4,010.50","3,944.81","-","0.66%"
"Sep 07, 2022","3,979.87","3,909.43","3,987.89","3,906.03","-","1.83%"
"Sep 06, 2022","3,908.19","3,930.89","3,942.55","3,886.75","-","-0.41%"
"Sep 02, 2022","3,924.26","3,994.66","4,018.43","3,906.21","-","-1.07%"
"Sep 01, 2022","3,966.85","3,936.73","3,970.23","3,903.65","-","0.30%"
"Aug 31, 2022","3,955.00","4,000.67","4,015.37","3,954.53","-","-0.78%"
"Aug 30, 2022","3,986.16","4,041.25","4,044.98","3,965.21","-","-1.10%"
"Aug 29, 2022","4,030.61","4,034.58","4,062.99","4,017.42","-","-0.67%"
"Aug 26, 2022","4,057.66","4,198.74","4,203.04","4,057.66","-","-3.37%"
"Aug 25, 2022","4,199.12","4,153.26","4,200.54","4,147.59","-","1.41%"
"Aug 24, 2022","4,140.77","4,126.55","4,156.56","4,119.97","-","0.29%"
"Aug 23, 2022","4,128.73","4,133.09","4,159.77","4,124.03","-","-0.22%"
"Aug 22, 2022","4,137.99","4,195.08","4,195.08","4,129.86","-","-2.14%"
"Aug 19, 2022","4,228.48","4,266.31","4,266.31","4,218.70","-","-1.29%"
"Aug 18, 2022","4,283.74","4,273.13","4,292.53","4,261.98","-","0.23%"
"Aug 17, 2022","4,274.04","4,280.40","4,302.18","4,253.08","-","-0.72%"
"Aug 16, 2022","4,305.20","4,290.46","4,325.28","4,277.77","-","0.19%"
"Aug 15, 2022","4,297.14","4,269.37","4,301.79","4,256.90","-","0.40%"
"Aug 12, 2022","4,280.15","4,225.02","4,280.47","4,219.78","-","1.73%"
"Aug 11, 2022","4,207.27","4,227.40","4,257.91","4,201.41","-","-0.07%"
"Aug 10, 2022","4,210.24","4,181.02","4,211.03","4,177.26","-","2.13%"
"Aug 09, 2022","4,122.47","4,133.11","4,137.30","4,112.09","-","-0.42%"
"Aug 08, 2022","4,140.06","4,155.93","4,186.62","4,128.97","-","-0.12%"
"Aug 05, 2022","4,145.19","4,115.87","4,151.58","4,107.31","-","-0.16%"
"Aug 04, 2022","4,151.94","4,154.85","4,161.29","4,135.42","-","-0.08%"
"Aug 03, 2022","4,155.17","4,107.96","4,167.66","4,107.96","-","1.56%"
"Aug 02, 2022","4,091.19","4,104.21","4,140.47","4,079.81","-","-0.67%"
"Aug 01, 2022","4,118.63","4,112.38","4,144.95","4,096.02","-","-0.28%"
"Jul 29, 2022","4,130.29","4,087.33","4,140.15","4,079.22","-","1.42%"
"Jul 28, 2022","4,072.43","4,026.13","4,078.95","3,992.97","-","1.21%"
"Jul 27, 2022","4,023.61","3,951.43","4,039.56","3,951.43","-","2.62%"
"Jul 26, 2022","3,921.05","3,953.22","3,953.22","3,910.74","-","-1.15%"
"Jul 25, 2022","3,966.84","3,965.72","3,975.30","3,943.46","-","0.13%"
"Jul 22, 2022","3,961.63","3,998.43","4,012.44","3,938.86","-","-0.93%"
"Jul 21, 2022","3,998.95","3,955.47","3,999.29","3,927.64","-","0.99%"
"Jul 20, 2022","3,959.90","3,935.32","3,974.13","3,922.03","-","0.59%"
"Jul 19, 2022","3,936.69","3,860.73","3,939.81","3,860.73","-","2.76%"
"Jul 18, 2022","3,830.85","3,883.79","3,902.44","3,818.63","-","-0.84%"
"Jul 15, 2022","3,863.16","3,818.00","3,863.62","3,817.18","-","1.92%"
"Jul 14, 2022","3,790.38","3,763.99","3,796.41","3,721.56","-","-0.30%"
"Jul 13, 2022","3,801.78","3,779.67","3,829.44","3,759.07","-","-0.45%"
"Jul 12, 2022","3,818.80","3,851.95","3,873.41","3,802.36","-","-0.92%"
"Jul 11, 2022","3,854.43","3,880.94","3,880.94","3,847.22","-","-1.15%"
"Jul 08, 2022","3,899.38","3,888.26","3,918.50","3,869.34","-","-0.08%"
"Jul 07, 2022","3,902.62","3,858.85","3,910.63","3,858.85","-","1.50%"
"Jul 06, 2022","3,845.08","3,831.98","3,870.91","3,809.37","-","0.36%"
"Jul 05, 2022","3,831.39","3,792.61","3,832.19","3,742.06","-","0.16%"
"Jul 01, 2022","3,825.33","3,781.00","3,829.82","3,752.10","-","1.06%"
"Jun 30, 2022","3,785.38","3,785.99","3,818.99","3,738.67","-","-0.88%"
"Jun 29, 2022","3,818.83","3,825.09","3,836.50","3,799.02","-","-0.07%"
"Jun 28, 2022","3,821.55","3,913.00","3,945.86","3,820.14","-","-2.01%"
"Jun 27, 2022","3,900.11","3,920.76","3,927.72","3,889.66","-","-0.30%"
"Jun 24, 2022","3,911.74","3,821.75","3,913.65","3,821.75","-","3.06%"
"Jun 23, 2022","3,795.73","3,774.71","3,802.58","3,743.52","-","0.95%"
"Jun 22, 2022","3,759.89","3,733.89","3,801.79","3,717.69","-","-0.13%"
"Jun 21, 2022","3,764.79","3,715.31","3,779.65","3,715.31","-","2.45%"
"Jun 17, 2022","3,674.84","3,665.90","3,707.71","3,636.87","-","0.22%"
"Jun 16, 2022","3,666.77","3,728.18","3,728.18","3,639.77","-","-3.25%"
"Jun 15, 2022","3,789.99","3,764.05","3,837.56","3,722.30","-","1.46%"
"Jun 14, 2022","3,735.48","3,763.52","3,778.18","3,705.68","-","-0.38%"
"Jun 13, 2022","3,749.63","3,838.15","3,838.15","3,734.30","-","-3.88%"
"Jun 10, 2022","3,900.86","3,974.39","3,974.39","3,900.16","-","-2.91%"
"Jun 09, 2022","4,017.82","4,101.65","4,119.10","4,017.17","-","-2.38%"
"Jun 08, 2022","4,115.77","4,147.12","4,160.14","4,107.20","-","-1.08%"
"Jun 07, 2022","4,160.68","4,096.47","4,164.86","4,080.19","-","0.95%"
"Jun 06, 2022","4,121.43","4,134.72","4,168.78","4,109.18","-","0.31%"
"Jun 03, 2022","4,108.54","4,137.57","4,142.67","4,098.67","-","-1.63%"
"Jun 02, 2022","4,176.82","4,095.41","4,177.51","4,074.37","-","1.84%"
"Jun 01, 2022","4,101.23","4,149.78","4,166.54","4,073.85","-","-0.75%"
"May 31, 2022","4,132.15","4,151.09","4,168.34","4,104.88","-","-0.63%"
"May 27, 2022","4,158.24","4,077.43","4,158.49","4,077.43","-","2.47%"
"May 26, 2022","4,057.84","3,984.60","4,075.14","3,984.60","-","1.99%"
"May 25, 2022","3,978.73","3,929.59","3,999.33","3,925.03","-","0.95%"
"May 24, 2022","3,941.48","3,942.94","3,955.68","3,875.13","-","-0.81%"
"May 23, 2022","3,973.75","3,919.42","3,981.88","3,909.04","-","1.86%"
"May 20, 2022","3,901.36","3,927.76","3,943.42","3,810.32","-","0.01%"
"May 19, 2022","3,900.79","3,899.00","3,945.96","3,876.58","-","-0.58%"
"May 18, 2022","3,923.68","4,051.98","4,051.98","3,911.91","-","-4.04%"
"May 17, 2022","4,088.85","4,052.00","4,090.72","4,033.93","-","2.02%"
"May 16, 2022","4,008.01","4,013.02","4,046.46","3,983.99","-","-0.39%"
"May 13, 2022","4,023.89","3,963.90","4,038.88","3,963.90","-","2.39%"
"May 12, 2022","3,930.08","3,903.95","3,964.80","3,858.87","-","-0.13%"
"May 11, 2022","3,935.18","3,990.08","4,049.09","3,928.82","-","-1.65%"
"May 10, 2022","4,001.05","4,035.18","4,068.82","3,958.17","-","0.25%"
"May 09, 2022","3,991.24","4,081.27","4,081.27","3,975.48","-","-3.20%"
"May 06, 2022","4,123.34","4,128.17","4,157.69","4,067.91","-","-0.57%"
"May 05, 2022","4,146.87","4,270.43","4,270.43","4,106.01","-","-3.56%"
"May 04, 2022","4,300.17","4,181.18","4,307.66","4,148.91","-","2.99%"
"May 03, 2022","4,175.48","4,159.78","4,200.10","4,147.08","-","0.48%"
"May 02, 2022","4,155.38","4,130.61","4,169.81","4,062.51","-","0.57%"
"Apr 29, 2022","4,131.93","4,253.75","4,269.68","4,124.28","-","-3.63%"
"Apr 28, 2022","4,287.50","4,222.58","4,308.45","4,188.63","-","2.47%"
"Apr 27, 2022","4,183.96","4,186.52","4,240.71","4,162.90","-","0.21%"
"Apr 26, 2022","4,175.20","4,278.14","4,278.14","4,175.04","-","-2.81%"
"Apr 25, 2022","4,296.12","4,255.34","4,299.02","4,200.82","-","0.57%"
"Apr 22, 2022","4,271.78","4,385.83","4,385.83","4,267.62","-","-2.77%"
"Apr 21, 2022","4,393.66","4,489.17","4,512.94","4,384.47","-","-1.48%"
"Apr 20, 2022","4,459.45","4,472.26","4,488.29","4,448.76","-","-0.06%"
"Apr 19, 2022","4,462.21","4,390.63","4,471.03","4,390.63","-","1.61%"
"Apr 18, 2022","4,391.69","4,385.63","4,410.31","4,370.30","-","-0.02%"
"Apr 14, 2022","4,392.59","4,449.12","4,460.46","4,390.77","-","-1.21%"
"Apr 13, 2022","4,446.59","4,394.30","4,453.92","4,392.70","-","1.12%"
"Apr 12, 2022","4,397.45","4,437.59","4,471.00","4,381.34","-","-0.34%"
"Apr 11, 2022","4,412.53","4,462.64","4,464.35","4,408.38","-","-1.69%"
"Apr 08, 2022","4,488.28","4,494.15","4,520.41","4,474.60","-","-0.27%"
"Apr 07, 2022","4,500.21","4,474.65","4,521.16","4,450.30","-","0.43%"
"Apr 06, 2022","4,481.15","4,494.17","4,503.94","4,450.04","-","-0.97%"
"Apr 05, 2022","4,525.12","4,572.45","4,593.45","4,514.17","-","-1.26%"
"Apr 04, 2022","4,582.64","4,547.97","4,583.50","4,539.21","-","0.81%"
"Apr 01, 2022","4,545.86","4,540.32","4,548.70","4,507.57","-","0.34%"
"Mar 31, 2022","4,530.41","4,599.02","4,603.07","4,530.41","-","-1.57%"
"Mar 30, 2022","4,602.45","4,624.20","4,627.77","4,581.32","-","-0.63%"
"Mar 29, 2022","4,631.60","4,602.86","4,637.30","4,589.66","-","1.23%"
"Mar 28, 2022","4,575.52","4,541.09","4,575.65","4,517.69","-","0.71%"
"Mar 25, 2022","4,543.06","4,522.91","4,546.03","4,501.07","-","0.51%"
"Mar 24, 2022","4,520.16","4,469.98","4,520.58","4,465.17","-","1.43%"
"Mar 23, 2022","4,456.24","4,493.10","4,501.07","4,455.81","-","-1.23%"
"Mar 22, 2022","4,511.61","4,469.10","4,522.00","4,469.10","-","1.13%"
"Mar 21, 2022","4,461.18","4,462.40","4,481.75","4,424.30","-","-0.04%"
"Mar 18, 2022","4,463.12","4,407.34","4,465.40","4,390.57","-","1.17%"
"Mar 17, 2022","4,411.67","4,345.11","4,412.67","4,335.65","-","1.23%"
"Mar 16, 2022","4,357.86","4,288.14","4,358.90","4,251.99","-","2.24%"
"Mar 15, 2022","4,262.45","4,188.82","4,271.05","4,187.90","-","2.14%"
"Mar 14, 2022","4,173.11","4,202.75","4,247.57","4,161.72","-","-0.74%"
"Mar 11, 2022","4,204.31","4,279.50","4,291.01","4,200.49","-","-1.30%"
"Mar 10, 2022","4,259.52","4,252.55","4,268.28","4,209.80","-","-0.43%"
"Mar 09, 2022","4,277.88","4,223.10","4,299.40","4,223.10","-","2.57%"
"Mar 08, 2022","4,170.70","4,202.66","4,276.94","4,157.87","-","-0.72%"
"Mar 07, 2022","4,201.09","4,327.01","4,327.01","4,199.85","-","-2.95%"
"Mar 04, 2022","4,328.87","4,342.12","4,342.12","4,284.98","-","-0.79%"
"Mar 03, 2022","4,363.49","4,401.31","4,416.78","4,345.56","-","-0.53%"
"Mar 02, 2022","4,386.54","4,322.56","4,401.48","4,322.56","-","1.86%"
"Mar 01, 2022","4,306.26","4,363.14","4,378.45","4,279.54","-","-1.55%"
"Feb 28, 2022","4,373.94","4,354.17","4,388.84","4,315.12","-","-0.24%"
"Feb 25, 2022","4,384.65","4,298.38","4,385.34","4,286.83","-","2.24%"
"Feb 24, 2022","4,288.70","4,155.77","4,294.73","4,114.65","-","1.50%"
"Feb 23, 2022","4,225.50","4,324.93","4,341.51","4,221.51","-","-1.84%"
"Feb 22, 2022","4,304.76","4,332.74","4,362.12","4,267.11","-","-1.01%"
"Feb 18, 2022","4,348.87","4,384.57","4,394.60","4,327.22","-","-0.72%"
"Feb 17, 2022","4,380.26","4,456.06","4,456.06","4,373.81","-","-2.12%"
"Feb 16, 2022","4,475.01","4,455.75","4,489.55","4,429.68","-","0.09%"
"Feb 15, 2022","4,471.07","4,429.28","4,472.77","4,429.28","-","1.58%"
"Feb 14, 2022","4,401.67","4,412.61","4,426.22","4,364.84","-","-0.38%"
"Feb 11, 2022","4,418.64","4,506.27","4,526.33","4,401.41","-","-1.90%"
"Feb 10, 2022","4,504.10","4,553.20","4,588.90","4,484.30","-","-1.81%"
"Feb 09, 2022","4,587.20","4,547.00","4,590.00","4,547.00","-","1.45%"
"Feb 08, 2022","4,521.50","4,480.00","4,531.30","4,465.40","-","0.84%"
"Feb 07, 2022","4,483.90","4,505.80","4,521.90","4,471.50","-","-0.37%"
"Feb 04, 2022","4,500.50","4,482.80","4,539.70","4,451.50","-","0.52%"
"Feb 03, 2022","4,477.40","4,535.40","4,542.90","4,470.40","-","-2.44%"
"Feb 02, 2022","4,589.40","4,566.40","4,595.30","4,544.30","-","0.94%"
"Feb 01, 2022","4,546.50","4,519.60","4,550.50","4,483.50","-","0.68%"
"Jan 31, 2022","4,515.60","4,431.80","4,516.90","4,414.00","-","1.89%"
"Jan 28, 2022","4,431.90","4,336.20","4,432.70","4,292.50","-","2.44%"
"Jan 27, 2022","4,326.50","4,380.60","4,428.70","4,309.50","-","-0.54%"
"Jan 26, 2022","4,349.90","4,408.40","4,453.20","4,304.80","-","-0.15%"
"Jan 25, 2022","4,356.40","4,366.60","4,411.00","4,287.10","-","-1.22%"
"Jan 24, 2022","4,410.10","4,356.30","4,417.40","4,222.60","-","0.28%"
"Jan 21, 2022","4,397.90","4,471.40","4,494.50","4,395.30","-","-1.89%"
"Jan 20, 2022","4,482.70","4,547.40","4,602.10","4,477.90","-","-1.11%"
"Jan 19, 2022","4,532.80","4,588.00","4,611.60","4,530.20","-","-0.97%"
"Jan 18, 2022","4,577.10","4,632.20","4,632.20","4,568.70","-","-1.84%"
"Jan 14, 2022","4,662.90","4,638.00","4,665.10","4,614.80","-","0.08%"
"Jan 13, 2022","4,659.00","4,733.60","4,744.10","4,650.30","-","-1.43%"
"Jan 12, 2022","4,726.40","4,728.60","4,748.80","4,706.70","-","0.28%"
"Jan 11, 2022","4,713.10","4,669.10","4,714.10","4,638.30","-","0.92%"
"Jan 10, 2022","4,670.30","4,655.30","4,673.00","4,582.20","-","-0.14%"
"Jan 07, 2022","4,677.00","4,697.70","4,707.90","4,662.70","-","-0.41%"
"Jan 06, 2022","4,696.10","4,693.40","4,725.00","4,671.30","-","-0.10%"
"Jan 05, 2022","4,700.60","4,788.00","4,797.70","4,699.40","-","-1.94%"
"Jan 04, 2022","4,793.50","4,804.50","4,818.60","4,774.30","-","-0.06%"
"Jan 03, 2022","4,796.60","4,778.10","4,796.60","4,758.20","-","0.64%"
"Dec 31, 2021","4,766.20","4,775.20","4,786.80","4,765.80","-","-0.26%"
"Dec 30, 2021","4,778.70","4,794.20","4,808.90","4,775.30","-","-0.30%"
"Dec 29, 2021","4,793.10","4,788.60","4,804.10","4,778.10","-","0.14%"
"Dec 28, 2021","4,786.40","4,795.50","4,807.00","4,780.00","-","-0.10%"
"Dec 27, 2021","4,791.20","4,734.00","4,791.50","4,734.00","-","1.38%"
"Dec 23, 2021","4,725.80","4,704.00","4,740.70","4,704.00","-","0.62%"
"Dec 22, 2021","4,696.60","4,650.40","4,697.70","4,645.50","-","1.02%"
"Dec 21, 2021","4,649.20","4,595.00","4,651.10","4,583.20","-","1.78%"
"Dec 20, 2021","4,568.00","4,587.90","4,587.90","4,531.10","-","-1.14%"
"Dec 17, 2021","4,620.60","4,652.50","4,666.70","4,600.20","-","-1.03%"
"Dec 16, 2021","4,668.70","4,719.10","4,732.00","4,651.90","-","-0.87%"
"Dec 15, 2021","4,709.90","4,636.50","4,712.60","4,611.20","-","1.64%"
"Dec 14, 2021","4,634.10","4,643.00","4,660.50","4,606.50","-","-0.75%"
"Dec 13, 2021","4,669.00","4,710.30","4,710.30","4,667.60","-","-0.91%"
"Dec 10, 2021","4,712.00","4,687.60","4,713.60","4,670.20","-","0.96%"
"Dec 09, 2021","4,667.40","4,691.00","4,695.30","4,666.00","-","-0.72%"
"Dec 08, 2021","4,701.20","4,690.90","4,705.10","4,674.50","-","0.31%"
"Dec 07, 2021","4,686.80","4,632.00","4,694.00","4,632.00","-","2.07%"
"Dec 06, 2021","4,591.70","4,548.40","4,612.60","4,540.50","-","1.17%"
"Dec 03, 2021","4,538.40","4,589.50","4,608.00","4,495.10","-","-0.85%"
"Dec 02, 2021","4,577.10","4,504.70","4,595.50","4,504.70","-","1.42%"
"Dec 01, 2021","4,513.00","4,602.80","4,652.90","4,510.30","-","-1.18%"
"Nov 30, 2021","4,567.00","4,640.20","4,646.00","4,560.00","-","-1.90%"
"Nov 29, 2021","4,655.30","4,628.80","4,672.90","4,625.30","-","1.32%"
"Nov 26, 2021","4,594.60","4,664.60","4,664.60","4,585.40","-","-2.27%"
"Nov 24, 2021","4,701.50","4,675.80","4,702.90","4,659.90","-","0.23%"
"Nov 23, 2021","4,690.70","4,678.50","4,699.40","4,652.70","-","0.17%"
"Nov 22, 2021","4,682.90","4,712.00","4,743.80","4,682.20","-","-0.32%"
"Nov 19, 2021","4,698.00","4,708.40","4,717.80","4,694.20","-","-0.14%"
"Nov 18, 2021","4,704.50","4,700.70","4,708.80","4,672.80","-","0.34%"
"Nov 17, 2021","4,688.70","4,701.50","4,701.50","4,684.40","-","-0.26%"
"Nov 16, 2021","4,700.90","4,679.40","4,714.90","4,679.40","-","0.39%"
"Nov 15, 2021","4,682.80","4,689.30","4,697.40","4,672.90","-","-0.00%"
"Nov 12, 2021","4,682.90","4,655.20","4,688.50","4,650.80","-","0.72%"
"Nov 11, 2021","4,649.30","4,659.40","4,664.60","4,648.30","-","0.06%"
"Nov 10, 2021","4,646.70","4,670.30","4,684.90","4,630.90","-","-0.82%"
"Nov 09, 2021","4,685.20","4,707.20","4,708.50","4,670.90","-","-0.35%"
"Nov 08, 2021","4,701.70","4,701.50","4,714.90","4,694.40","-","0.09%"
"Nov 05, 2021","4,697.50","4,699.30","4,718.50","4,681.30","-","0.37%"
"Nov 04, 2021","4,680.10","4,662.90","4,683.00","4,662.60","-","0.42%"
"Nov 03, 2021","4,660.60","4,630.60","4,663.50","4,621.20","-","0.65%"
"Nov 02, 2021","4,630.60","4,613.30","4,635.10","4,613.30","-","0.37%"
"Nov 01, 2021","4,613.70","4,610.60","4,620.30","4,595.10","-","0.18%"
"Oct 29, 2021","4,605.40","4,572.90","4,608.10","4,567.60","-","0.20%"
"Oct 28, 2021","4,596.40","4,562.80","4,597.60","4,562.80","-","0.98%"
"Oct 27, 2021","4,551.70","4,580.20","4,584.60","4,551.70","-","-0.50%"
"Oct 26, 2021","4,574.80","4,578.70","4,598.50","4,569.20","-","0.18%"
"Oct 25, 2021","4,566.50","4,553.70","4,572.60","4,537.40","-","0.48%"
"Oct 22, 2021","4,544.90","4,546.10","4,559.70","4,524.00","-","-0.11%"
"Oct 21, 2021","4,549.80","4,532.20","4,551.40","4,526.90","-","0.30%"
"Oct 20, 2021","4,536.20","4,524.40","4,540.90","4,524.40","-","0.37%"
"Oct 19, 2021","4,519.60","4,497.30","4,520.40","4,496.40","-","0.74%"
"Oct 18, 2021","4,486.50","4,463.70","4,488.80","4,447.50","-","0.34%"
"Oct 15, 2021","4,471.40","4,447.70","4,475.80","4,447.70","-","0.75%"
"Oct 14, 2021","4,438.30","4,386.80","4,439.70","4,386.80","-","1.71%"
"Oct 13, 2021","4,363.80","4,358.00","4,372.90","4,329.90","-","0.30%"
"Oct 12, 2021","4,350.60","4,368.30","4,374.90","4,342.10","-","-0.24%"
"Oct 11, 2021","4,361.20","4,385.40","4,415.90","4,360.60","-","-0.69%"
"Oct 08, 2021","4,391.30","4,406.50","4,412.00","4,386.20","-","-0.19%"
"Oct 07, 2021","4,399.80","4,383.70","4,430.00","4,383.70","-","0.83%"
"Oct 06, 2021","4,363.60","4,319.60","4,365.60","4,290.50","-","0.41%"
"Oct 05, 2021","4,345.70","4,309.90","4,369.20","4,309.90","-","1.05%"
"Oct 04, 2021","4,300.50","4,348.80","4,355.50","4,278.90","-","-1.30%"
"Oct 01, 2021","4,357.00","4,317.20","4,375.20","4,288.50","-","1.15%"
"Sep 30, 2021","4,307.50","4,370.70","4,382.60","4,306.20","-","-1.19%"
"Sep 29, 2021","4,359.50","4,362.40","4,385.60","4,355.10","-","0.16%"
"Sep 28, 2021","4,352.60","4,419.50","4,419.50","4,346.30","-","-2.04%"
"Sep 27, 2021","4,443.10","4,442.10","4,457.30","4,436.20","-","-0.28%"
"Sep 24, 2021","4,455.50","4,438.00","4,463.10","4,430.30","-","0.15%"
"Sep 23, 2021","4,449.00","4,406.80","4,465.40","4,406.80","-","1.21%"
"Sep 22, 2021","4,395.60","4,367.40","4,416.80","4,367.40","-","0.95%"
"Sep 21, 2021","4,354.20","4,374.40","4,394.90","4,348.00","-","-0.08%"
"Sep 20, 2021","4,357.70","4,402.90","4,402.90","4,305.90","-","-1.70%"
"Sep 17, 2021","4,433.00","4,469.70","4,471.50","4,427.80","-","-0.91%"
"Sep 16, 2021","4,473.80","4,477.10","4,485.90","4,443.80","-","-0.15%"
"Sep 15, 2021","4,480.70","4,447.50","4,486.90","4,438.40","-","0.85%"
"Sep 14, 2021","4,443.10","4,479.30","4,485.70","4,435.50","-","-0.57%"
"Sep 13, 2021","4,468.70","4,474.80","4,493.00","4,445.70","-","0.23%"
"Sep 10, 2021","4,458.60","4,506.90","4,520.50","4,457.70","-","-0.77%"
"Sep 09, 2021","4,493.30","4,513.00","4,529.90","4,492.10","-","-0.46%"
"Sep 08, 2021","4,514.10","4,518.10","4,521.80","4,493.90","-","-0.13%"
"Sep 07, 2021","4,520.00","4,535.40","4,535.40","4,513.00","-","-0.34%"
"Sep 03, 2021","4,535.40","4,532.40","4,541.40","4,521.30","-","-0.03%"
"Sep 02, 2021","4,536.90","4,534.50","4,545.90","4,524.70","-","0.28%"
"Sep 01, 2021","4,524.10","4,528.80","4,537.10","4,522.00","-","0.03%"
"Aug 31, 2021","4,522.70","4,529.80","4,531.40","4,515.80","-","-0.13%"
"Aug 30, 2021","4,528.80","4,513.80","4,537.40","4,513.80","-","0.43%"
"Aug 27, 2021","4,509.40","4,474.10","4,513.30","4,474.10","-","0.88%"
"Aug 26, 2021","4,470.00","4,493.80","4,495.90","4,469.00","-","-0.58%"
"Aug 25, 2021","4,496.20","4,490.40","4,501.70","4,485.70","-","0.22%"
"Aug 24, 2021","4,486.20","4,484.40","4,492.80","4,482.30","-","0.15%"
"Aug 23, 2021","4,479.50","4,450.30","4,489.90","4,450.30","-","0.85%"
"Aug 20, 2021","4,441.70","4,410.60","4,444.40","4,406.80","-","0.81%"
"Aug 19, 2021","4,405.80","4,382.40","4,418.60","4,367.70","-","0.12%"
"Aug 18, 2021","4,400.30","4,440.90","4,454.30","4,397.60","-","-1.07%"
"Aug 17, 2021","4,448.10","4,462.10","4,462.10","4,417.80","-","-0.71%"
"Aug 16, 2021","4,479.70","4,461.60","4,480.30","4,437.70","-","0.26%"
"Aug 13, 2021","4,468.00","4,464.80","4,468.40","4,460.80","-","0.16%"
"Aug 12, 2021","4,460.80","4,446.10","4,461.80","4,436.00","-","0.29%"
"Aug 11, 2021","4,447.70","4,442.20","4,449.40","4,436.40","-","0.25%"
"Aug 10, 2021","4,436.80","4,435.80","4,445.20","4,430.00","-","0.10%"
"Aug 09, 2021","4,432.40","4,437.80","4,439.40","4,424.70","-","-0.09%"
"Aug 06, 2021","4,436.50","4,429.10","4,440.80","4,429.10","-","0.17%"
"Aug 05, 2021","4,429.10","4,408.90","4,429.80","4,408.90","-","0.60%"
"Aug 04, 2021","4,402.70","4,415.90","4,416.20","4,400.20","-","-0.46%"
"Aug 03, 2021","4,423.10","4,392.70","4,423.80","4,373.00","-","0.82%"
"Aug 02, 2021","4,387.20","4,406.90","4,422.20","4,384.80","-","-0.18%"
"Jul 30, 2021","4,395.30","4,395.10","4,412.20","4,389.60","-","-0.54%"
"Jul 29, 2021","4,419.10","4,403.60","4,430.00","4,403.60","-","0.42%"
"Jul 28, 2021","4,400.60","4,402.90","4,415.50","4,387.00","-","-0.02%"
"Jul 27, 2021","4,401.50","4,416.40","4,416.40","4,372.50","-","-0.47%"
"Jul 26, 2021","4,422.30","4,409.60","4,422.70","4,405.40","-","0.24%"
"Jul 23, 2021","4,411.80","4,381.20","4,415.20","4,381.20","-","1.01%"
"Jul 22, 2021","4,367.50","4,361.30","4,369.90","4,350.10","-","0.20%"
"Jul 21, 2021","4,358.70","4,331.10","4,359.70","4,331.10","-","0.82%"
"Jul 20, 2021","4,323.10","4,265.10","4,336.80","4,262.10","-","1.52%"
"Jul 19, 2021","4,258.50","4,296.40","4,296.40","4,233.10","-","-1.59%"
"Jul 16, 2021","4,327.20","4,367.40","4,375.10","4,322.50","-","-0.75%"
"Jul 15, 2021","4,360.00","4,369.00","4,369.00","4,340.70","-","-0.33%"
"Jul 14, 2021","4,374.30","4,380.10","4,393.70","4,362.40","-","0.12%"
"Jul 13, 2021","4,369.20","4,381.10","4,392.40","4,366.90","-","-0.35%"
"Jul 12, 2021","4,384.60","4,372.40","4,386.70","4,364.00","-","0.34%"
"Jul 09, 2021","4,369.60","4,329.40","4,371.60","4,329.40","-","1.13%"
"Jul 08, 2021","4,320.80","4,321.10","4,330.90","4,289.40","-","-0.86%"
"Jul 07, 2021","4,358.10","4,351.00","4,361.90","4,329.80","-","0.34%"
"Jul 06, 2021","4,343.50","4,356.50","4,356.50","4,314.40","-","-0.20%"
"Jul 02, 2021","4,352.30","4,326.60","4,355.40","4,326.60","-","0.75%"
"Jul 01, 2021","4,319.90","4,300.70","4,320.70","4,300.70","-","0.52%"
"Jun 30, 2021","4,297.50","4,290.60","4,302.40","4,288.00","-","0.13%"
"Jun 29, 2021","4,291.80","4,293.20","4,300.50","4,287.00","-","0.03%"
"Jun 28, 2021","4,290.60","4,284.90","4,292.10","4,274.70","-","0.23%"
"Jun 25, 2021","4,280.70","4,274.40","4,286.10","4,271.20","-","0.33%"
"Jun 24, 2021","4,266.50","4,257.00","4,271.30","4,257.00","-","0.58%"
"Jun 23, 2021","4,241.80","4,249.30","4,256.60","4,241.40","-","-0.11%"
"Jun 22, 2021","4,246.40","4,224.60","4,255.80","4,217.30","-","0.51%"
"Jun 21, 2021","4,224.80","4,173.40","4,226.20","4,173.40","-","1.40%"
"Jun 18, 2021","4,166.40","4,204.80","4,204.80","4,164.40","-","-1.31%"
"Jun 17, 2021","4,221.90","4,220.40","4,232.30","4,196.10","-","-0.04%"
"Jun 16, 2021","4,223.70","4,248.90","4,251.90","4,202.40","-","-0.54%"
"Jun 15, 2021","4,246.60","4,255.30","4,257.20","4,238.40","-","-0.20%"
"Jun 14, 2021","4,255.10","4,248.30","4,255.60","4,234.10","-","0.18%"
"Jun 11, 2021","4,247.40","4,242.90","4,248.40","4,232.20","-","0.19%"
"Jun 10, 2021","4,239.20","4,228.60","4,249.70","4,220.30","-","0.46%"
"Jun 09, 2021","4,219.60","4,233.00","4,237.10","4,218.70","-","-0.18%"
"Jun 08, 2021","4,227.30","4,233.80","4,236.70","4,208.40","-","0.02%"
"Jun 07, 2021","4,226.50","4,229.30","4,232.30","4,215.70","-","-0.08%"
"Jun 04, 2021","4,229.90","4,206.10","4,233.40","4,206.10","-","0.88%"
"Jun 03, 2021","4,192.90","4,191.40","4,204.40","4,167.90","-","-0.36%"
"Jun 02, 2021","4,208.10","4,206.80","4,217.40","4,198.30","-","0.15%"
"Jun 01, 2021","4,202.00","4,216.50","4,234.10","4,197.60","-","-0.05%"
"May 28, 2021","4,204.10","4,210.80","4,218.40","4,203.60","-","0.08%"
"May 27, 2021","4,200.90","4,201.90","4,213.40","4,197.80","-","0.12%"
"May 26, 2021","4,196.00","4,191.60","4,202.60","4,184.10","-","0.19%"